Time,STFT,LTFT,Pressure
55086.401103,0.0,-3.125,44.0
55087.094103,0.0,-3.125,44.0
55087.817103,0.0,-3.125,46.0
55088.496103,0.0,-2.34375,45.0
55089.171103,0.0,-2.34375,44.0
55089.873103,0.0,-2.34375,44.0
55090.568103,0.0,-2.34375,43.0
55091.275103,0.0,-2.34375,43.0
55091.971103,0.0,-2.34375,44.0
55092.717103,0.0,-2.34375,44.0
55093.409103,0.0,-2.34375,45.0
55094.144103,0.0,-2.34375,44.0
55094.849103,0.0,-2.34375,45.0
55095.561103,0.0,-2.34375,45.0
55096.295103,0.0,-2.34375,46.0
55096.974103,0.0,-2.34375,47.0
55097.673103,0.0,-2.34375,47.0
55098.416103,0.0,-2.34375,47.0
55099.072103,0.0,-2.34375,45.0
55099.751103,0.0,0.0,45.0
55100.445103,0.0,0.0,44.0
55101.189103,0.0,0.0,43.0
55101.864103,-5.46875,0.0,43.0
55102.607103,-6.25,0.0,43.0
55103.290103,-7.03125,0.0,43.0
55103.969103,-10.15625,0.0,42.0
55104.709103,-13.28125,0.0,42.0
55105.377103,-9.375,0.0,42.0
55106.044103,-10.9375,0.0,42.0
55106.749103,-14.0625,0.0,42.0
55107.429103,-10.15625,0.0,42.0
55108.173103,-7.8125,0.0,43.0
55108.910103,-7.8125,0.0,42.0
55109.615103,-10.9375,0.0,42.0
55110.359103,-14.0625,0.0,41.0
55111.067103,-17.1875,0.0,41.0
55111.771103,-13.28125,0.0,41.0
55112.495103,-13.28125,0.0,42.0
55113.199103,-14.84375,0.0,42.0
55113.939103,-17.96875,0.0,42.0
55114.637103,-16.40625,0.0,41.0
55115.351103,-16.40625,0.0,42.0
55116.097103,-18.75,0.0,42.0
55116.789103,-21.09375,0.0,42.0
55117.470103,-17.96875,0.0,42.0
55118.197103,-17.96875,0.0,42.0
55118.930103,-21.09375,0.0,42.0
55119.642103,-22.65625,0.0,42.0
55120.472103,-21.09375,0.0,42.0
55121.171103,-18.75,0.0,42.0
55121.855103,-21.875,0.0,42.0
55122.558103,-24.21875,0.0,42.0
55123.280103,-24.21875,0.0,42.0
55123.956103,-21.875,0.0,42.0
55124.641103,-24.21875,0.0,42.0
55125.363103,-24.21875,0.0,42.0
55126.062103,-21.09375,0.0,42.0
55126.716103,-22.65625,0.0,43.0
55127.405103,-24.21875,0.0,42.0
55128.087103,-24.21875,0.0,42.0
55128.762103,-24.21875,0.0,42.0
55129.482103,-24.21875,0.0,42.0
55130.177103,-24.21875,0.0,42.0
55130.902103,-24.21875,0.0,41.0
55131.600103,-24.21875,0.0,41.0
55132.312103,-24.21875,0.0,41.0
55133.066103,-24.21875,0.0,41.0
55133.773103,-24.21875,0.0,42.0
55134.447103,-24.21875,0.0,41.0
55135.175103,-24.21875,0.0,41.0
55135.857103,-24.21875,0.0,41.0
55136.552103,-24.21875,0.0,41.0
55137.234103,-24.21875,0.0,41.0
55137.930103,-24.21875,0.0,43.0
55138.661103,-21.09375,0.0,44.0
55139.338103,-18.75,0.0,44.0
55140.042103,-21.09375,0.0,44.0
55140.719103,-21.09375,0.0,45.0
55141.410103,-18.75,0.0,46.0
55142.130103,-21.09375,0.0,45.0
55142.811103,-22.65625,0.0,45.0
55143.481103,-24.21875,-2.34375,47.0
55144.183103,-21.09375,-2.34375,48.0
55144.892103,-18.75,-2.34375,49.0
55145.614103,-16.40625,-2.34375,49.0
55146.330103,-18.75,-2.34375,50.0
55147.049103,-21.09375,-2.34375,49.0
55147.754103,-17.96875,-2.34375,47.0
55148.499103,-2.34375,-2.34375,46.0
55149.210103,-3.125,-2.34375,48.0
55149.929103,-3.90625,-2.34375,49.0
55150.622103,-3.125,0.0,46.0
55151.308103,-2.34375,-2.34375,48.0
55152.025103,-3.90625,-2.34375,49.0
55152.753103,-2.34375,-2.34375,47.0
55153.451103,0.0,-2.34375,48.0
55154.125103,0.0,-3.125,52.0
55154.844103,0.0,-2.34375,52.0
55155.575103,0.78125,-2.34375,51.0
55156.250103,1.5625,-2.34375,49.0
55156.921103,0.78125,-2.34375,49.0
55157.591103,0.0,-2.34375,49.0
55158.294103,-3.90625,-2.34375,59.0
55158.997103,0.78125,-2.34375,59.0
55159.715103,6.25,-2.34375,60.0
55160.396103,2.34375,0.0,45.0
55161.092103,0.0,0.0,44.0
55161.781103,-3.90625,-2.34375,47.0
55162.454103,-7.8125,-2.34375,62.0
55163.193103,-13.28125,-2.34375,61.0
55163.890103,-17.1875,-2.34375,48.0
55164.594103,-18.75,0.0,42.0
55165.272103,-21.875,-3.125,43.0
55166.014103,-24.21875,-2.34375,78.0
55166.763103,-20.3125,-2.34375,60.0
55167.503103,-17.1875,0.0,38.0
55168.214103,-17.1875,0.0,42.0
55168.902103,-17.96875,0.0,44.0
55169.591103,-18.75,0.0,45.0
55170.285103,-20.3125,-3.125,46.0
55170.966103,-22.65625,-2.34375,67.0
55171.657103,-24.21875,-2.34375,57.0
55172.380103,-18.75,-2.34375,57.0
55173.081103,-14.84375,0.0,57.0
55173.778103,-14.0625,0.0,42.0
55174.489103,-17.1875,-2.34375,47.0
55175.154103,-20.3125,-2.34375,50.0
55175.819103,-21.875,-2.34375,46.0
55176.489103,-17.96875,-2.34375,48.0
55177.242103,-21.875,-2.34375,51.0
55177.901103,-21.09375,-2.34375,51.0
55178.582103,-21.09375,-2.34375,46.0
55179.272103,-17.1875,-2.34375,60.0
55179.969103,-21.09375,-2.34375,57.0
55180.657103,-21.875,-3.90625,50.0
55181.327103,-21.875,-3.125,68.0
55182.005103,-22.65625,-2.34375,53.0
55182.673103,-21.875,-2.34375,55.0
55183.401103,-22.65625,0.0,51.0
55184.091103,-21.09375,-2.34375,48.0
55184.844103,-20.3125,-2.34375,52.0
55185.560103,-21.875,-3.125,55.0
55186.265103,-24.21875,-2.34375,55.0
55186.931103,-21.875,-2.34375,53.0
55187.657103,-21.875,-2.34375,50.0
55188.345103,-21.09375,-2.34375,49.0
55189.084103,-20.3125,-2.34375,49.0
55189.761103,-20.3125,-2.34375,52.0
55190.427103,-18.75,-2.34375,52.0
55191.139103,-21.875,-2.34375,57.0
55191.820103,-21.875,0.0,44.0
55192.558103,-21.09375,-2.34375,45.0
55193.262103,-18.75,0.0,51.0
55193.995103,-21.09375,0.0,41.0
55194.689103,-18.75,-2.34375,54.0
55195.382103,-21.875,-3.125,46.0
55196.102103,-22.65625,-2.34375,54.0
55196.827103,-21.875,-2.34375,50.0
55197.515103,-21.09375,-2.34375,51.0
55198.247103,-17.96875,-2.34375,50.0
55198.931103,-16.40625,0.0,48.0
55199.614103,-13.28125,-2.34375,44.0
55200.305103,-14.84375,-2.34375,56.0
55200.982103,-17.1875,-3.125,48.0
55201.646103,-14.84375,0.0,88.0
55202.367103,-13.28125,-2.34375,49.0
55203.059103,-14.0625,0.0,52.0
55203.742103,-13.28125,0.0,41.0
55204.433103,-10.15625,0.0,42.0
55205.154103,-10.9375,-2.34375,46.0
55205.894103,-14.0625,-2.34375,52.0
55206.601103,-17.1875,0.0,46.0
55207.385103,-14.84375,0.0,47.0
55208.057103,-14.0625,0.0,49.0
55208.750103,-14.84375,-2.34375,50.0
55209.468103,-16.40625,-2.34375,55.0
55210.409103,-17.1875,-3.90625,54.0
55211.151103,-18.75,0.0,69.0
55211.860103,-20.3125,-2.34375,49.0
55212.585103,-17.96875,0.0,65.0
55213.415103,-17.1875,0.0,39.0
55214.116103,-17.1875,0.0,45.0
55214.814103,-16.40625,0.0,48.0
55215.504103,-16.40625,0.0,49.0
55216.289103,-14.84375,-3.90625,50.0
55217.003103,-16.40625,-3.90625,91.0
55217.759103,-10.15625,-3.125,52.0
55218.454103,-3.90625,-2.34375,61.0
55219.232103,-3.90625,-2.34375,64.0
55219.953103,-6.25,-2.34375,60.0
55220.763103,-2.34375,-2.34375,46.0
55221.481103,-9.375,-2.34375,39.0
55222.230103,-7.03125,0.0,39.0
55222.983103,-13.28125,99.21875,32.0
55223.686103,-6.25,0.0,25.0
55224.492103,0.0,0.0,25.0
55225.337103,0.0,0.0,40.0
55226.071103,-3.125,0.0,28.0
55226.811103,-6.25,0.0,29.0
55227.566103,-9.375,0.0,34.0
55228.378103,-9.375,-2.34375,42.0
55229.097103,-10.15625,-3.125,60.0
55230.026103,-14.0625,-3.125,68.0
55230.802103,-17.96875,-2.34375,57.0
55231.639103,-17.1875,-3.125,54.0
55232.342103,-16.40625,-3.125,57.0
55233.141103,-17.96875,-3.125,59.0
55234.043103,-17.96875,-2.34375,59.0
55234.812103,-17.1875,-2.34375,44.0
55235.609103,-14.84375,-2.34375,52.0
55236.374103,-17.96875,-2.34375,66.0
55237.272103,-17.1875,-2.34375,74.0
55238.103103,-18.75,-2.34375,52.0
55238.918103,-14.84375,-2.34375,46.0
55239.841103,-10.15625,0.0,35.0
55240.613103,-9.375,2.34375,29.0
55241.462103,-10.15625,0.78125,33.0
55242.174103,-10.15625,0.0,38.0
55242.948103,-7.03125,0.0,41.0
55243.870103,-11.71875,0.0,44.0
55244.594103,-11.71875,0.0,46.0
55245.335103,-10.9375,0.0,45.0
55246.044103,-10.15625,0.0,49.0
55246.746103,-14.0625,-2.34375,52.0
55247.462103,-13.28125,-3.125,47.0
55248.146103,-10.15625,-2.34375,66.0
55248.840103,-5.46875,-2.34375,65.0
55249.517103,-3.90625,-2.34375,76.0
55250.180103,0.0,-5.46875,71.0
55250.836103,3.90625,-5.46875,85.0
55251.561103,1.5625,-6.25,72.0
55252.233103,0.0,0.0,44.0
55252.913103,1.5625,-5.46875,48.0
55253.624103,0.0,-5.46875,69.0
55254.293103,0.0,-3.90625,62.0
55254.976103,2.34375,-3.90625,52.0
55255.676103,1.5625,-3.90625,48.0
55256.367103,2.34375,-5.46875,48.0
55257.041103,-2.34375,-5.46875,64.0
55257.764103,-6.25,-5.46875,66.0
55258.427103,0.0,0.78125,53.0
55259.098103,1.5625,-5.46875,47.0
55259.779103,0.0,-5.46875,65.0
55260.493103,2.34375,-3.90625,63.0
55261.226103,5.46875,-3.90625,58.0
55261.916103,3.90625,-3.90625,56.0
55262.673103,-3.125,-3.90625,55.0
55263.381103,0.0,-3.90625,54.0
55264.063103,2.34375,-3.90625,51.0
55264.756103,1.5625,-3.125,49.0
55265.439103,0.78125,-3.125,46.0
55266.105103,0.0,-2.34375,41.0
55266.771103,-7.03125,-2.34375,39.0
55267.468103,-6.25,99.21875,40.0
55268.147103,0.78125,-3.90625,26.0
55268.847103,0.0,-3.90625,55.0
55269.535103,0.0,-2.34375,46.0
55270.207103,0.0,0.0,39.0
55270.899103,-7.8125,0.0,37.0
55271.609103,-10.15625,0.0,36.0
55272.298103,-7.8125,0.0,35.0
55272.970103,-9.375,0.0,34.0
55273.670103,-10.15625,0.0,33.0
55274.338103,-7.8125,0.0,32.0
55275.037103,-11.71875,0.0,33.0
55275.759103,-7.8125,0.78125,29.0
55276.441103,-14.84375,0.0,30.0
55277.110103,-18.75,0.0,30.0
55277.800103,-14.0625,0.0,31.0
55278.475103,-9.375,0.0,37.0
55279.149103,-6.25,-2.34375,37.0
55279.853103,-7.03125,-2.34375,38.0
55280.551103,-6.25,-3.125,40.0
55281.250103,-3.90625,-3.90625,54.0
55281.961103,2.34375,-3.90625,54.0
55282.637103,-7.03125,-3.90625,53.0
55283.382103,-6.25,-3.125,52.0
55284.091103,-7.03125,-3.125,50.0
55284.753103,-9.375,-2.34375,46.0
55285.461103,-9.375,-2.34375,42.0
55286.139103,-10.9375,-2.34375,42.0
55286.834103,-7.03125,-2.34375,42.0
55287.532103,-10.9375,-2.34375,42.0
55288.253103,-7.8125,-2.34375,39.0
55288.917103,-9.375,-2.34375,41.0
55289.614103,-10.15625,-2.34375,40.0
55290.325103,-7.8125,-2.34375,41.0
55291.025103,-7.8125,-2.34375,40.0
55291.691103,-9.375,-2.34375,40.0
55292.390103,-6.25,2.34375,40.0
55293.118103,-3.90625,99.21875,23.0
55293.807103,0.0,99.21875,23.0
55294.497103,0.0,99.21875,23.0
55295.200103,0.0,99.21875,23.0
55295.876103,0.0,99.21875,22.0
55296.565103,0.0,99.21875,22.0
55297.239103,0.0,99.21875,22.0
55297.923103,0.0,99.21875,23.0
55298.643103,0.0,99.21875,25.0
55299.322103,0.0,99.21875,26.0
55300.027103,0.0,99.21875,27.0
55300.695103,0.0,99.21875,27.0
55301.405103,0.0,99.21875,26.0
55302.076103,0.0,0.0,27.0
55302.799103,0.0,0.0,27.0
55303.478103,0.0,2.34375,27.0
55304.169103,0.0,1.5625,35.0
55304.861103,0.0,0.78125,38.0
55305.572103,-3.90625,0.0,40.0
55306.274103,-6.25,0.78125,40.0
55306.958103,-7.8125,0.78125,40.0
55307.673103,-7.8125,0.78125,40.0
55308.333103,-7.03125,0.78125,40.0
55309.032103,-6.25,0.78125,41.0
55309.708103,-7.03125,0.0,41.0
55310.377103,-7.8125,0.0,45.0
55311.062103,-9.375,0.0,46.0
55311.731103,-9.375,0.0,46.0
55312.402103,-10.15625,0.0,47.0
55313.082103,-10.9375,0.0,47.0
55313.786103,-9.375,0.0,46.0
55314.467103,-7.8125,0.0,47.0
55315.160103,-10.15625,0.0,46.0
55315.879103,-6.25,-2.34375,62.0
55316.587103,-11.71875,-2.34375,69.0
55317.291103,-5.46875,-2.34375,75.0
55317.985103,0.0,-2.34375,77.0
55318.689103,3.90625,-3.90625,63.0
55319.396103,-3.90625,0.0,47.0
55320.105103,0.0,-3.90625,46.0
55320.809103,8.59375,-3.90625,59.0
55321.509103,0.0,0.78125,55.0
55322.185103,2.34375,-6.25,43.0
55322.884103,0.0,-5.46875,74.0
55323.618103,0.0,-3.125,59.0
55324.297103,0.0,-2.34375,39.0
55324.950103,3.90625,-3.90625,53.0
55325.639103,2.34375,-3.90625,57.0
55326.312103,3.90625,99.21875,54.0
55327.045103,0.78125,-2.34375,26.0
55327.747103,0.0,-2.34375,42.0
55328.489103,0.0,-3.125,40.0
55329.186103,0.0,-3.125,46.0
55329.893103,-7.8125,-2.34375,45.0
55330.588103,0.0,-2.34375,43.0
55331.261103,-2.34375,-2.34375,43.0
55331.940103,-5.46875,-2.34375,42.0
55332.658103,3.90625,-2.34375,40.0
55333.373103,0.78125,-2.34375,40.0
55334.077103,0.0,-2.34375,39.0
55334.786103,-3.90625,0.0,37.0
55335.492103,0.0,0.0,37.0
55336.189103,1.5625,0.78125,36.0
55336.863103,0.0,4.6875,22.0
55337.549103,0.0,99.21875,21.0
55338.234103,0.0,99.21875,21.0
55338.920103,0.0,99.21875,21.0
55339.631103,0.0,99.21875,23.0
55340.325103,0.0,99.21875,23.0
55341.000103,0.0,99.21875,23.0
55341.714103,0.0,99.21875,23.0
55342.397103,0.0,99.21875,23.0
55343.111103,0.0,99.21875,23.0
55343.799103,0.0,99.21875,22.0
55344.508103,0.78125,-3.125,22.0
55345.225103,0.0,-3.125,81.0
55345.933103,0.0,-3.125,65.0
55346.609103,0.0,-3.125,47.0
55347.338103,-5.46875,0.78125,38.0
55348.035103,-10.15625,0.78125,30.0
55348.745103,-14.84375,0.78125,29.0
55349.466103,-16.40625,-3.125,33.0
55350.150103,-10.9375,-3.90625,50.0
55350.917103,-3.125,-3.90625,59.0
55351.605103,4.6875,-3.125,55.0
55352.283103,0.78125,-3.125,51.0
55352.948103,-2.34375,-3.125,50.0
55353.639103,0.0,-3.125,48.0
55354.331103,0.0,-3.125,46.0
55355.021103,-6.25,-3.125,45.0
55355.760103,-2.34375,-3.125,43.0
55356.436103,3.90625,-3.125,45.0
55357.141103,2.34375,-3.125,43.0
55357.834103,2.34375,-2.34375,43.0
55358.571103,0.0,0.0,40.0
55359.271103,0.0,0.0,34.0
55359.926103,5.46875,0.0,33.0
55360.601103,1.5625,0.0,33.0
55361.323103,0.0,0.0,34.0
55362.028103,1.5625,0.0,34.0
55362.736103,5.46875,0.0,35.0
55363.400103,0.0,3.90625,35.0
55364.071103,0.0,99.21875,21.0
55364.763103,0.0,99.21875,22.0
55365.490103,0.0,99.21875,23.0
55366.193103,0.0,0.0,23.0
55366.892103,0.0,1.5625,28.0
55367.597103,1.5625,0.78125,36.0
55368.289103,0.0,0.78125,39.0
55368.986103,-3.125,-3.125,40.0
55369.678103,-3.90625,-5.46875,90.0
55370.378103,1.5625,-3.125,96.0
55371.055103,2.34375,-3.90625,95.0
55371.749103,11.71875,-5.46875,91.0
55372.447103,4.6875,-5.46875,76.0
55373.178103,2.34375,-3.90625,64.0
55373.859103,0.0,-3.90625,59.0
55374.595103,0.0,-3.90625,59.0
55375.297103,-10.15625,0.78125,31.0
55375.964103,-10.9375,-3.125,35.0
55376.696103,-2.34375,-3.90625,48.0
55377.368103,0.0,-5.46875,61.0
55378.061103,1.5625,-6.25,74.0
55378.729103,0.0,99.21875,56.0
55379.422103,1.5625,-6.25,39.0
55380.097103,0.0,-5.46875,76.0
55380.747103,0.0,-5.46875,73.0
55381.415103,1.5625,-5.46875,72.0
55382.134103,3.90625,-5.46875,72.0
55382.798103,-3.125,-5.46875,67.0
55383.480103,-6.25,0.0,54.0
55384.195103,-3.90625,0.0,33.0
55384.857103,-5.46875,-3.90625,33.0
55385.536103,0.0,-3.90625,57.0
55386.225103,-2.34375,-3.90625,57.0
55386.912103,0.78125,-6.25,72.0
55387.626103,3.90625,-5.46875,93.0
55388.309103,-3.125,-3.90625,56.0
55388.968103,-3.90625,-3.90625,51.0
55389.615103,0.0,-5.46875,52.0
55390.308103,-3.90625,-3.90625,50.0
55390.984103,-5.46875,-3.90625,51.0
55391.728103,-3.90625,-5.46875,53.0
55392.424103,-6.25,-3.90625,53.0
55393.126103,-7.03125,-3.90625,52.0
55393.818103,-10.15625,-3.125,46.0
55394.525103,-10.15625,-3.125,33.0
55395.267103,-7.8125,-3.90625,44.0
55395.989103,-7.03125,-3.90625,49.0
55396.690103,-2.34375,-5.46875,51.0
55397.367103,-3.90625,-5.46875,60.0
55398.052103,-3.125,0.0,58.0
55398.730103,-10.15625,-2.34375,29.0
55399.378103,0.0,-2.34375,41.0
55400.055103,0.0,-5.46875,36.0
55400.747103,0.0,-3.90625,57.0
55401.436103,-2.34375,-3.90625,51.0
55402.121103,-2.34375,-3.125,43.0
55402.817103,0.0,-3.125,42.0
55403.541103,0.0,99.21875,25.0
55404.227103,0.0,99.21875,22.0
55405.011103,0.0,2.34375,22.0
55405.684103,0.0,3.90625,21.0
55406.360103,0.0,99.21875,21.0
55407.067103,0.0,99.21875,22.0
55407.757103,0.0,99.21875,21.0
55408.451103,0.0,2.34375,22.0
55409.155103,0.0,3.90625,22.0
55409.851103,0.0,2.34375,21.0
55410.530103,0.0,99.21875,22.0
55411.229103,0.0,99.21875,22.0
55411.939103,0.0,99.21875,22.0
55412.626103,0.0,99.21875,22.0
55413.329103,0.0,99.21875,22.0
55414.005103,0.0,99.21875,20.0
55414.704103,0.0,0.0,23.0
55415.408103,0.78125,1.5625,30.0
55416.112103,0.78125,0.0,37.0
55416.792103,0.0,0.0,42.0
55417.495103,0.0,0.0,45.0
55418.173103,-3.125,0.0,45.0
55418.858103,-6.25,-3.90625,68.0
55419.536103,-2.34375,-6.25,93.0
55420.212103,0.0,-7.03125,96.0
55420.915103,0.0,-7.03125,95.0
55421.593103,0.0,-7.03125,96.0
55422.294103,0.0,-7.03125,95.0
55422.982103,0.0,-7.03125,94.0
55423.710103,0.0,-6.25,91.0
55424.379103,0.0,-7.03125,94.0
55425.102103,2.34375,-7.03125,95.0
55425.818103,4.6875,-7.03125,94.0
55426.519103,0.0,99.21875,94.0
55427.192103,0.0,99.21875,22.0
55427.882103,0.0,99.21875,20.0
55428.579103,0.0,99.21875,20.0
55429.307103,0.0,99.21875,20.0
55430.020103,0.0,-7.03125,24.0
55430.695103,3.90625,-7.03125,93.0
55431.423103,0.0,-7.03125,96.0
55432.131103,0.0,-7.03125,96.0
55432.819103,6.25,99.21875,92.0
55433.504103,0.0,99.21875,19.0
55434.183103,0.0,99.21875,20.0
55434.848103,0.0,2.34375,20.0
55435.552103,0.0,4.6875,21.0
55436.245103,0.0,99.21875,21.0
55436.972103,0.0,99.21875,22.0
55437.659103,0.0,99.21875,22.0
55438.360103,0.0,99.21875,22.0
55439.027103,0.0,99.21875,21.0
55439.765103,1.5625,-5.46875,35.0
55440.463103,0.0,-6.25,76.0
55441.181103,8.59375,-6.25,93.0
55441.870103,18.75,-6.25,93.0
55442.578103,11.71875,-6.25,93.0
55443.249103,9.375,-6.25,90.0
55443.938103,12.5,-5.46875,82.0
55444.613103,1.5625,-3.90625,69.0
55445.290103,3.90625,-3.90625,56.0
55445.988103,3.90625,-3.90625,51.0
55446.672103,3.90625,-3.90625,52.0
55447.341103,9.375,-3.125,50.0
55448.041103,8.59375,-3.125,48.0
55448.744103,3.90625,-2.34375,42.0
55449.402103,4.6875,-2.34375,40.0
55450.111103,5.46875,-2.34375,39.0
55450.783103,2.34375,-2.34375,40.0
55451.487103,0.0,-2.34375,40.0
55452.192103,-3.125,-2.34375,40.0
55452.885103,-3.90625,-2.34375,40.0
55453.609103,-3.90625,-2.34375,41.0
55454.269103,-2.34375,3.90625,39.0
55454.981103,0.0,99.21875,21.0
55455.653103,0.0,99.21875,22.0
55456.368103,0.0,99.21875,21.0
55457.047103,0.0,99.21875,21.0
55457.732103,0.0,99.21875,21.0
55458.422103,0.0,99.21875,21.0
55459.112103,0.0,99.21875,20.0
55459.807103,0.0,99.21875,21.0
55460.471103,0.0,99.21875,19.0
55461.147103,0.0,99.21875,20.0
55461.847103,0.0,99.21875,21.0
55462.546103,0.0,99.21875,22.0
55463.231103,0.0,99.21875,22.0
55463.925103,0.0,99.21875,23.0
55464.630103,0.0,99.21875,23.0
55465.316103,0.0,99.21875,23.0
55466.006103,0.0,99.21875,23.0
55466.717103,1.5625,-2.34375,27.0
55467.402103,0.0,-2.34375,58.0
55468.097103,0.0,-3.90625,62.0
55468.785103,0.0,-3.90625,63.0
55469.473103,-5.46875,-3.90625,63.0
55470.146103,0.0,-3.125,61.0
55470.831103,-7.03125,-2.34375,50.0
55471.511103,-3.90625,-2.34375,44.0
55472.263103,-5.46875,-2.34375,40.0
55472.931103,-3.90625,-2.34375,41.0
55473.627103,-2.34375,-2.34375,41.0
55474.325103,-5.46875,-2.34375,43.0
55474.991103,0.0,-2.34375,43.0
55475.684103,0.0,-2.34375,42.0
55476.408103,-3.90625,-2.34375,43.0
55477.134103,0.0,-2.34375,44.0
55477.830103,2.34375,-2.34375,43.0
55478.509103,-2.34375,-2.34375,43.0
55479.192103,4.6875,-2.34375,43.0
55479.893103,1.5625,-2.34375,42.0
55480.574103,0.0,-2.34375,42.0
55481.240103,5.46875,-2.34375,42.0
55481.952103,1.5625,-2.34375,41.0
55482.649103,5.46875,-2.34375,41.0
55483.352103,-2.34375,0.0,40.0
55484.020103,2.34375,0.0,39.0
55484.711103,4.6875,0.0,38.0
55485.383103,0.78125,0.0,38.0
55486.080103,8.59375,0.0,37.0
55486.749103,3.90625,0.0,37.0
55487.444103,1.5625,0.0,37.0
55488.151103,9.375,0.0,35.0
55488.834103,7.8125,0.0,36.0
55489.536103,1.5625,0.0,36.0
55490.258103,0.78125,0.0,36.0
55490.942103,0.0,0.0,36.0
55491.641103,4.6875,0.0,36.0
55492.317103,1.5625,0.0,36.0
55492.993103,0.0,0.0,36.0
55493.673103,0.78125,0.0,36.0
55494.347103,-3.125,0.0,37.0
55495.083103,4.6875,-5.46875,38.0
55495.782103,2.34375,-5.46875,74.0
55496.473103,4.6875,-5.46875,73.0
55497.187103,5.46875,-5.46875,73.0
55497.892103,5.46875,-5.46875,66.0
55498.614103,8.59375,-5.46875,67.0
55499.297103,5.46875,-5.46875,66.0
55500.022103,3.90625,-5.46875,64.0
55500.720103,0.78125,-5.46875,64.0
55501.430103,0.0,-5.46875,63.0
55502.145103,0.0,-5.46875,63.0
55502.837103,-2.34375,-3.90625,62.0
55503.543103,-3.125,-3.90625,62.0
55504.261103,-2.34375,-3.90625,60.0
55504.970103,-6.25,4.6875,57.0
55505.697103,-2.34375,99.21875,20.0
55506.414103,0.0,99.21875,19.0
55507.135103,0.0,99.21875,19.0
55507.853103,0.0,99.21875,19.0
55508.552103,0.0,2.34375,18.0
55509.238103,0.0,2.34375,20.0
55509.990103,0.0,2.34375,23.0
55510.695103,0.0,2.34375,22.0
55511.384103,0.0,99.21875,19.0
55512.066103,0.0,0.78125,19.0
55512.775103,0.0,1.5625,22.0
55513.493103,0.0,2.34375,23.0
55514.189103,0.0,2.34375,22.0
55514.903103,-3.125,-3.125,28.0
55515.574103,2.34375,-5.46875,63.0
55516.261103,9.375,-6.25,92.0
55516.933103,7.8125,-6.25,93.0
55517.615103,6.25,-6.25,96.0
55518.333103,0.0,-6.25,96.0
55519.009103,0.0,-7.03125,96.0
55519.702103,0.0,-7.03125,96.0
55520.410103,0.0,-7.03125,96.0
55521.084103,2.34375,99.21875,93.0
55521.773103,0.0,99.21875,19.0
55522.495103,0.0,99.21875,20.0
55523.195103,0.0,99.21875,19.0
55523.862103,0.0,99.21875,19.0
55524.573103,0.0,99.21875,19.0
55525.290103,0.0,99.21875,19.0
55526.013103,0.0,99.21875,19.0
55526.755103,0.0,99.21875,19.0
55527.472103,0.0,99.21875,19.0
55528.181103,0.0,99.21875,19.0
55528.896103,0.0,99.21875,19.0
55529.582103,0.0,99.21875,19.0
55530.270103,0.0,99.21875,18.0
55530.962103,0.0,99.21875,18.0
55531.628103,0.0,99.21875,18.0
55532.322103,0.0,99.21875,18.0
55533.015103,0.0,99.21875,18.0
55533.697103,0.0,0.78125,18.0
55534.379103,0.0,0.0,26.0
55535.087103,0.0,0.78125,27.0
55535.791103,0.0,0.0,26.0
55536.468103,0.78125,0.0,28.0
55537.160103,0.78125,0.0,33.0
55537.861103,5.46875,0.0,32.0
55538.545103,8.59375,0.78125,28.0
55539.217103,2.34375,0.78125,27.0
55539.906103,2.34375,1.5625,27.0
55540.604103,-3.90625,1.5625,24.0
55541.327103,-10.9375,1.5625,25.0
55542.029103,-3.125,0.78125,25.0
55542.706103,4.6875,0.0,32.0
55543.402103,0.78125,0.0,33.0
55544.080103,4.6875,-2.34375,35.0
55544.768103,-3.90625,-3.125,40.0
55545.481103,1.5625,-3.90625,51.0
55546.135103,2.34375,-3.90625,59.0
55546.818103,0.78125,-5.46875,63.0
55547.497103,3.90625,-5.46875,64.0
55548.155103,2.34375,-3.90625,67.0
55548.839103,2.34375,-3.90625,64.0
55549.489103,3.90625,-3.125,59.0
55550.232103,0.0,99.21875,25.0
55550.920103,0.0,2.34375,18.0
55551.612103,0.0,0.0,20.0
55552.283103,0.0,0.0,32.0
55552.950103,0.0,-3.125,38.0
55553.681103,4.6875,-3.125,54.0
55554.364103,5.46875,-3.125,51.0
55555.066103,0.78125,-3.125,44.0
55555.750103,1.5625,-2.34375,44.0
55556.452103,1.5625,0.0,38.0
55557.151103,0.0,2.34375,21.0
55557.811103,0.0,3.90625,19.0
55558.491103,0.0,3.90625,20.0
55559.169103,0.0,4.6875,20.0
55559.872103,0.0,99.21875,18.0
55560.549103,0.0,99.21875,19.0
55561.239103,0.0,99.21875,18.0
55561.901103,0.0,99.21875,18.0
55562.598103,0.0,99.21875,19.0
55563.300103,0.0,99.21875,19.0
55564.048103,0.0,99.21875,20.0
55564.762103,0.0,99.21875,20.0
55565.435103,0.0,99.21875,20.0
55566.145103,0.0,99.21875,20.0
55566.865103,0.0,99.21875,20.0
55567.619103,0.0,99.21875,19.0
55568.308103,0.0,99.21875,20.0
55568.994103,0.0,99.21875,21.0
55569.702103,0.0,0.0,23.0
55570.393103,0.0,0.0,27.0
55571.144103,0.0,0.0,29.0
55571.829103,0.0,1.5625,32.0
55572.506103,1.5625,2.34375,37.0
55573.181103,3.90625,2.34375,37.0
55573.931103,1.5625,2.34375,38.0
55574.640103,0.78125,1.5625,37.0
55575.349103,0.0,1.5625,39.0
55576.049103,0.0,1.5625,39.0
55576.793103,-2.34375,0.78125,40.0
55577.513103,-3.125,0.78125,41.0
55578.181103,-3.90625,0.78125,41.0
55578.866103,-5.46875,0.78125,41.0
55579.560103,-5.46875,0.78125,42.0
55580.233103,-6.25,0.78125,43.0
55580.932103,-7.03125,0.78125,43.0
55581.625103,-6.25,0.78125,43.0
55582.325103,-5.46875,0.78125,43.0
55582.990103,-7.03125,0.78125,43.0
55583.706103,-7.8125,0.78125,43.0
55584.412103,-6.25,0.78125,43.0
55585.129103,-2.34375,-3.125,43.0
55585.831103,-3.125,-3.125,43.0
55586.558103,0.0,-3.125,43.0
55587.248103,0.0,-3.125,43.0
55587.935103,-3.125,-3.125,43.0
55588.607103,-2.34375,-3.125,44.0
55589.304103,0.0,-3.125,43.0
55589.989103,-3.125,-3.125,44.0
55590.714103,-3.90625,-3.125,44.0
55591.407103,-2.34375,-3.125,44.0
55592.115103,0.0,-3.125,44.0
55592.822103,-3.90625,-3.125,44.0
55593.498103,-2.34375,-3.125,44.0
55594.188103,-3.125,-3.125,44.0
55594.930103,-3.90625,-3.125,44.0
55595.626103,-2.34375,-3.125,45.0
55596.304103,0.0,-3.125,44.0
55596.968103,-3.125,-3.125,44.0
55597.685103,-3.90625,-3.125,45.0
55598.361103,-3.125,-3.125,44.0
55599.068103,-2.34375,-3.125,44.0
55599.786103,0.0,-3.125,45.0
55600.490103,-3.90625,-3.125,46.0
55601.173103,-5.46875,-3.125,46.0
55601.877103,-3.90625,-3.125,46.0
55602.582103,-3.125,-3.125,46.0
55603.298103,-5.46875,-3.125,46.0
55603.999103,-3.90625,-3.125,46.0
55604.708103,-3.125,-3.125,45.0
55605.406103,-3.125,-3.125,45.0
55606.119103,-2.34375,-3.125,47.0
55606.801103,-3.90625,-3.125,46.0
55607.469103,-5.46875,-3.125,46.0
55608.150103,-5.46875,-3.125,45.0
55608.825103,-3.90625,-3.125,44.0
55609.523103,-3.125,-2.34375,42.0
55610.236103,0.0,-2.34375,40.0
55610.933103,0.78125,-2.34375,40.0
55611.629103,0.0,-2.34375,39.0
55612.333103,0.0,-2.34375,39.0
55613.018103,0.0,-2.34375,40.0
55613.727103,0.78125,-2.34375,40.0
55614.427103,0.78125,-2.34375,39.0
55615.110103,0.0,0.0,38.0
55615.821103,-3.125,0.0,37.0
55616.531103,-5.46875,0.0,37.0
55617.253103,0.78125,0.0,38.0
55617.980103,0.0,-2.34375,38.0
55618.679103,0.0,-3.125,40.0
55619.404103,0.0,-3.125,44.0
55620.127103,-2.34375,-3.125,45.0
55620.825103,-6.25,-3.90625,92.0
55621.535103,0.0,-3.125,82.0
55622.242103,0.78125,-2.34375,90.0
55622.950103,5.46875,-6.25,91.0
55623.634103,5.46875,-7.03125,93.0
55624.330103,18.75,-6.25,89.0
55625.023103,7.8125,-3.125,23.0
55625.701103,0.0,-5.46875,59.0
55626.439103,0.0,3.90625,70.0
55627.140103,0.0,5.46875,20.0
55627.860103,-5.46875,-3.125,28.0
55628.573103,-3.125,-7.03125,47.0
55629.236103,6.25,-3.125,83.0
55629.925103,0.0,99.21875,21.0
55630.617103,0.0,99.21875,20.0
55631.340103,0.0,99.21875,20.0
55632.033103,0.0,99.21875,20.0
55632.697103,0.0,99.21875,19.0
55633.385103,0.0,99.21875,20.0
55634.104103,0.0,2.34375,19.0
55634.811103,0.0,2.34375,19.0
55635.484103,0.0,2.34375,22.0
55636.183103,0.0,3.90625,22.0
55636.885103,0.0,4.6875,21.0
55637.578103,0.0,3.90625,21.0
55638.279103,-2.34375,1.5625,21.0
55638.963103,-2.34375,0.78125,27.0
55639.647103,5.46875,2.34375,26.0
55640.350103,0.78125,1.5625,24.0
55641.034103,-7.03125,2.34375,24.0
55641.773103,-5.46875,3.90625,21.0
55642.441103,-3.125,99.21875,20.0
55643.140103,0.0,99.21875,19.0
55643.810103,0.0,99.21875,19.0
55644.518103,0.0,99.21875,19.0
55645.177103,0.0,0.0,19.0
55645.880103,0.0,0.78125,26.0
55646.608103,0.0,1.5625,24.0
55647.279103,0.0,2.34375,24.0
55647.936103,0.0,3.90625,22.0
55648.679103,-2.34375,3.90625,22.0
55649.381103,0.0,99.21875,19.0
55650.079103,0.0,99.21875,19.0
55650.782103,0.0,99.21875,19.0
55651.488103,0.0,99.21875,19.0
55652.197103,0.0,99.21875,19.0
55652.939103,0.0,99.21875,19.0
55653.626103,0.0,99.21875,19.0
55654.316103,0.0,99.21875,19.0
55655.049103,0.0,99.21875,19.0
55655.721103,0.0,99.21875,18.0
55656.415103,0.0,99.21875,19.0
55657.100103,0.0,99.21875,18.0
55657.786103,0.0,99.21875,18.0
55658.466103,0.0,99.21875,18.0
55659.136103,0.0,99.21875,19.0
55659.855103,0.0,99.21875,19.0
55660.560103,0.0,99.21875,19.0
55661.234103,0.0,99.21875,18.0
55661.941103,0.0,99.21875,18.0
55662.626103,0.0,99.21875,19.0
55663.326103,0.0,99.21875,19.0
55664.010103,0.0,99.21875,19.0
55664.681103,0.0,99.21875,19.0
55665.333103,0.0,99.21875,20.0
55666.032103,0.0,99.21875,20.0
55666.723103,0.0,99.21875,20.0
55667.426103,0.0,99.21875,21.0
55668.088103,0.0,99.21875,21.0
55668.828103,0.0,0.78125,21.0
55669.514103,0.0,-2.34375,22.0
55670.206103,0.0,1.5625,45.0
55670.919103,0.0,0.78125,21.0
55671.642103,1.5625,-2.34375,30.0
55672.333103,0.0,-2.34375,41.0
55673.028103,0.78125,-2.34375,40.0
55673.722103,0.78125,-2.34375,40.0
55674.409103,0.0,-2.34375,40.0
55675.107103,0.0,0.0,39.0
55675.840103,-5.46875,0.0,37.0
55676.521103,-5.46875,0.0,37.0
55677.220103,-7.8125,1.5625,32.0
55677.925103,-14.84375,2.34375,26.0
55678.629103,-21.09375,2.34375,26.0
55679.316103,-21.09375,2.34375,25.0
55679.994103,-14.84375,1.5625,25.0
55680.698103,-7.8125,2.34375,25.0
55681.391103,-9.375,-6.25,25.0
55682.045103,0.0,-6.25,96.0
55682.726103,0.0,-7.03125,96.0
55683.405103,0.0,-7.03125,96.0
55684.106103,8.59375,-2.34375,69.0
55684.829103,6.25,99.21875,21.0
55685.540103,0.0,0.78125,21.0
55686.256103,0.0,0.0,25.0
55686.963103,0.0,-2.34375,30.0
55687.663103,0.78125,-3.125,39.0
55688.333103,5.46875,-2.34375,43.0
55689.050103,11.71875,-2.34375,39.0
55689.742103,11.71875,0.0,37.0
55690.394103,21.09375,1.5625,30.0
55691.060103,9.375,0.78125,25.0
55691.786103,1.5625,3.90625,26.0
55692.509103,-3.125,0.78125,22.0
55693.219103,0.78125,0.78125,27.0
55693.905103,8.59375,0.0,32.0
55694.617103,6.25,0.0,34.0
55695.351103,6.25,99.21875,22.0
55696.062103,0.0,99.21875,20.0
55696.750103,0.0,2.34375,21.0
55697.440103,0.0,0.0,24.0
55698.125103,0.0,0.0,32.0
55698.826103,0.0,1.5625,32.0
55699.513103,-3.125,1.5625,27.0
55700.222103,-7.8125,1.5625,28.0
55700.937103,-7.8125,6.25,24.0
55701.632103,-3.125,99.21875,20.0
55702.326103,0.0,99.21875,21.0
55703.046103,0.0,99.21875,21.0
55703.721103,0.0,99.21875,20.0
55704.422103,0.0,99.21875,19.0
55705.134103,0.0,0.0,23.0
55705.814103,0.0,-2.34375,32.0
55706.514103,0.0,-2.34375,37.0
55707.201103,1.5625,-3.125,45.0
55707.894103,-2.34375,0.0,52.0
55708.580103,-2.34375,0.0,30.0
55709.266103,0.0,0.0,24.0
55709.960103,0.0,0.0,25.0
55710.652103,-3.125,0.0,26.0
55711.321103,0.0,-2.34375,42.0
55712.054103,0.0,-2.34375,43.0
55712.716103,3.90625,0.0,42.0
55713.391103,-2.34375,-2.34375,41.0
55714.090103,-7.8125,0.0,39.0
55714.817103,-3.125,0.0,33.0
55715.547103,-3.90625,0.0,36.0
55716.238103,0.0,0.0,35.0
55716.939103,0.0,0.0,37.0
55717.635103,7.8125,-5.46875,57.0
55718.329103,7.8125,-6.25,93.0
55719.009103,4.6875,-6.25,93.0
55719.702103,5.46875,-7.03125,93.0
55720.409103,1.5625,99.21875,78.0
55721.113103,0.78125,-3.125,21.0
55721.797103,0.0,-3.125,40.0
55722.512103,0.78125,-3.125,51.0
55723.195103,5.46875,1.5625,42.0
55723.935103,6.25,0.78125,25.0
55724.622103,0.0,0.78125,27.0
55725.311103,9.375,0.0,28.0
55726.018103,7.8125,0.0,30.0
55726.695103,11.71875,0.0,29.0
55727.383103,15.625,0.0,31.0
55728.129103,11.71875,0.0,33.0
55728.811103,8.59375,0.0,33.0
55729.519103,16.40625,2.34375,30.0
55730.191103,0.0,99.21875,20.0
55730.902103,0.0,99.21875,19.0
55731.606103,0.0,99.21875,19.0
55732.287103,0.0,99.21875,20.0
55732.964103,0.0,99.21875,19.0
55733.716103,0.0,99.21875,20.0
55734.409103,0.0,99.21875,20.0
55735.087103,0.0,99.21875,21.0
55735.777103,0.0,99.21875,21.0
55736.510103,0.0,0.0,21.0
55737.197103,0.0,-2.34375,27.0
55737.874103,0.0,-2.34375,35.0
55738.587103,0.0,-2.34375,38.0
55739.286103,0.78125,-2.34375,38.0
55740.038103,3.90625,-3.125,39.0
55740.711103,5.46875,-3.125,41.0
55741.386103,5.46875,-3.125,41.0
55742.067103,3.90625,-3.125,40.0
55742.770103,-3.90625,-3.125,68.0
55743.481103,3.90625,-3.90625,58.0
55744.175103,7.8125,-3.90625,53.0
55744.893103,0.0,-5.46875,61.0
55745.571103,0.0,-6.25,76.0
55746.290103,0.78125,99.21875,70.0
55746.958103,0.0,-5.46875,23.0
55747.643103,0.0,-5.46875,74.0
55748.347103,0.0,-5.46875,68.0
55749.027103,0.0,-3.125,52.0
55749.718103,0.0,-3.125,52.0
55750.413103,0.0,0.0,46.0
55751.166103,2.34375,-3.125,37.0
55751.853103,-3.125,-2.34375,45.0
55752.538103,-5.46875,0.0,38.0
55753.257103,-2.34375,0.0,37.0
55753.942103,0.78125,0.0,38.0
55754.628103,1.5625,0.0,38.0
55755.361103,1.5625,0.0,37.0
55756.028103,4.6875,-6.25,43.0
55756.749103,7.8125,-7.03125,93.0
55757.462103,9.375,-7.03125,95.0
55758.150103,10.15625,2.34375,67.0
55758.818103,0.0,3.90625,20.0
55759.508103,0.0,0.78125,28.0
55760.424103,0.0,0.0,23.0
55761.094103,0.0,-3.125,39.0
55761.786103,0.0,-2.34375,41.0
55762.519103,-5.46875,-2.34375,38.0
55763.201103,-3.125,-2.34375,35.0
55763.917103,0.0,-3.125,47.0
55764.621103,4.6875,-3.125,48.0
55765.367103,0.0,-3.125,47.0
55766.034103,1.5625,-2.34375,46.0
55766.733103,0.0,0.0,38.0
55767.416103,-7.03125,2.34375,26.0
55768.109103,0.0,3.90625,25.0
55768.815103,0.0,99.21875,19.0
55769.531103,0.0,2.34375,19.0
55770.190103,0.0,0.78125,26.0
55770.857103,0.0,0.0,29.0
55771.533103,0.0,-3.125,44.0
55772.247103,0.0,-2.34375,43.0
55772.932103,0.78125,0.0,36.0
55773.655103,0.0,0.0,34.0
55774.325103,0.78125,0.0,34.0
55775.014103,4.6875,0.0,33.0
55775.725103,1.5625,0.0,33.0
55776.457103,0.0,0.0,33.0
55777.191103,-2.34375,3.90625,32.0
55777.860103,0.0,99.21875,18.0
55778.568103,0.0,99.21875,19.0
55779.278103,0.0,99.21875,19.0
55780.015103,0.0,99.21875,19.0
55780.716103,0.0,99.21875,19.0
55781.387103,0.0,99.21875,19.0
55782.107103,0.0,99.21875,19.0
55782.795103,0.0,99.21875,19.0
55783.472103,0.0,99.21875,19.0
55784.184103,0.0,2.34375,20.0
55784.890103,1.5625,-2.34375,29.0
55785.564103,0.0,4.6875,35.0
55786.227103,0.0,2.34375,20.0
55786.914103,0.0,2.34375,20.0
55787.605103,-5.46875,0.0,27.0
55788.262103,0.0,-2.34375,43.0
55788.967103,0.0,-2.34375,44.0
55789.676103,0.0,99.21875,28.0
55790.375103,0.0,99.21875,19.0
55791.092103,0.0,99.21875,20.0
55791.786103,0.0,99.21875,19.0
55792.507103,0.0,99.21875,21.0
55793.198103,0.0,99.21875,21.0
55793.896103,0.0,99.21875,20.0
55794.576103,0.0,99.21875,21.0
55795.269103,0.0,0.0,23.0
55795.965103,0.78125,-2.34375,34.0
55796.647103,0.0,-2.34375,37.0
55797.325103,0.0,-2.34375,37.0
55798.046103,2.34375,-2.34375,37.0
55798.747103,4.6875,-3.125,39.0
55799.429103,3.90625,0.0,54.0
55800.110103,-2.34375,0.0,38.0
55800.812103,2.34375,0.0,36.0
55801.506103,0.0,0.78125,25.0
55802.190103,0.0,0.78125,22.0
55802.848103,0.0,0.0,25.0
55803.564103,0.0,0.0,35.0
55804.266103,0.0,-2.34375,44.0
55805.000103,2.34375,-3.90625,63.0
55805.692103,2.34375,-3.90625,57.0
55806.413103,5.46875,-3.125,50.0
55807.125103,1.5625,-3.125,47.0
55807.781103,0.0,-3.125,27.0
55808.475103,0.0,-5.46875,75.0
55809.151103,0.0,-5.46875,79.0
55809.854103,0.0,-3.90625,74.0
55810.567103,0.0,-3.90625,60.0
55811.271103,2.34375,-3.125,55.0
55811.965103,-3.90625,0.0,39.0
55812.660103,0.0,0.0,31.0
55813.372103,3.90625,0.0,32.0
55814.110103,-3.90625,0.0,34.0
55814.798103,-2.34375,-6.25,35.0
55815.547103,0.0,-6.25,96.0
55816.216103,0.0,-6.25,96.0
55816.942103,0.0,-7.03125,96.0
55817.659103,0.0,3.90625,74.0
55818.326103,0.0,99.21875,20.0
55819.021103,0.0,0.78125,20.0
55819.734103,0.0,2.34375,22.0
55820.457103,0.0,-3.90625,38.0
55821.136103,0.0,-2.34375,59.0
55821.834103,0.0,0.0,37.0
55822.514103,5.46875,0.78125,30.0
55823.277103,-3.125,0.78125,27.0
55823.934103,0.0,3.90625,28.0
55824.651103,0.0,99.21875,20.0
55825.360103,0.0,2.34375,19.0
55826.111103,0.0,0.78125,19.0
55826.781103,0.0,-2.34375,29.0
55827.478103,0.0,-3.125,41.0
55828.182103,0.0,-2.34375,44.0
55828.865103,2.34375,3.90625,34.0
55829.594103,0.0,1.5625,23.0
55830.279103,0.0,99.21875,22.0
55830.965103,0.0,2.34375,19.0
55831.663103,0.0,99.21875,19.0
55832.360103,0.0,99.21875,19.0
55833.051103,0.0,99.21875,19.0
55833.778103,0.0,99.21875,19.0
55834.482103,0.0,99.21875,19.0
55835.159103,0.0,99.21875,19.0
55835.834103,0.0,1.5625,19.0
55836.566103,0.0,0.78125,24.0
55837.252103,0.0,1.5625,26.0
55837.958103,0.0,2.34375,25.0
55838.642103,0.0,2.34375,25.0
55839.323103,0.0,2.34375,25.0
55840.011103,0.0,99.21875,22.0
55840.693103,0.0,99.21875,19.0
55841.400103,0.0,99.21875,20.0
55842.088103,0.0,99.21875,20.0
55842.772103,0.0,99.21875,21.0
55843.495103,0.0,99.21875,20.0
55844.262103,0.0,99.21875,20.0
55844.969103,0.0,99.21875,20.0
55845.647103,0.0,99.21875,19.0
55846.357103,0.0,99.21875,21.0
55847.036103,0.0,99.21875,23.0
55847.727103,0.0,0.0,23.0
55848.464103,0.0,0.0,29.0
55849.155103,0.0,-2.34375,34.0
55849.842103,0.78125,-2.34375,37.0
55850.543103,2.34375,-2.34375,37.0
55851.255103,4.6875,-2.34375,36.0
55851.934103,6.25,-2.34375,37.0
55852.639103,6.25,-2.34375,36.0
55853.315103,4.6875,-3.125,36.0
55854.005103,0.0,-2.34375,48.0
55854.728103,-3.90625,0.0,42.0
55855.428103,0.78125,0.0,39.0
55856.111103,0.0,99.21875,25.0
55856.803103,0.0,0.0,23.0
55857.492103,0.0,-2.34375,29.0
55858.168103,0.0,-2.34375,35.0
55858.861103,0.0,0.0,38.0
55859.561103,2.34375,-2.34375,50.0
55860.259103,0.78125,-2.34375,73.0
55860.988103,0.0,-5.46875,82.0
55861.666103,7.8125,-5.46875,91.0
55862.360103,0.0,-3.125,77.0
55863.057103,0.0,99.21875,46.0
55863.732103,0.0,0.0,22.0
55864.470103,0.0,-2.34375,39.0
55865.132103,0.0,0.0,37.0
55865.814103,0.0,1.5625,28.0
55866.521103,-5.46875,2.34375,25.0
55867.246103,-10.9375,1.5625,25.0
55867.913103,-6.25,0.0,27.0
55868.622103,1.5625,-3.90625,44.0
55869.286103,-2.34375,-3.90625,61.0
55869.970103,0.78125,-3.90625,60.0
55870.674103,0.78125,-3.90625,57.0
55871.348103,0.0,-3.90625,53.0
55872.068103,0.0,-3.90625,53.0
55872.770103,1.5625,-3.125,52.0
55873.472103,0.0,-3.125,50.0
55874.185103,-2.34375,-3.125,48.0
55874.837103,0.0,-3.125,48.0
55875.544103,3.90625,-3.125,48.0
55876.258103,8.59375,-6.25,49.0
55876.949103,9.375,-5.46875,93.0
55877.644103,-3.125,-3.90625,77.0
55878.322103,-3.125,-3.125,53.0
55879.042103,-5.46875,-3.125,48.0
55879.709103,-3.90625,-3.125,48.0
55880.413103,-3.90625,-3.125,49.0
55881.129103,-3.125,-3.125,49.0
55881.812103,0.0,-3.125,53.0
55882.526103,0.0,-3.90625,53.0
55883.222103,-2.34375,-3.90625,58.0
55883.886103,-3.125,-5.46875,60.0
55884.614103,-3.90625,-5.46875,55.0
55885.312103,-5.46875,-3.90625,56.0
55886.027103,0.0,-3.90625,55.0
55886.711103,0.0,-3.90625,56.0
55887.396103,0.78125,-3.125,55.0
55888.134103,2.34375,-3.125,51.0
55888.833103,0.78125,-2.34375,43.0
55889.489103,0.78125,-3.125,44.0
55890.181103,0.78125,-3.90625,48.0
55890.900103,0.78125,-3.90625,55.0
55891.612103,-2.34375,-6.25,77.0
55892.307103,6.25,-6.25,96.0
55893.015103,7.8125,-6.25,96.0
55893.683103,8.59375,-6.25,96.0
55894.407103,8.59375,-6.25,94.0
55895.101103,5.46875,-3.90625,93.0
55895.781103,0.0,99.21875,25.0
55896.509103,0.0,2.34375,19.0
55897.216103,0.0,-3.125,31.0
55897.898103,0.0,-3.90625,47.0
55898.589103,0.78125,-3.90625,55.0
55899.300103,0.78125,-3.125,56.0
55899.959103,-2.34375,3.90625,42.0
55900.638103,0.0,99.21875,19.0
55901.300103,0.0,99.21875,19.0
55902.002103,0.0,99.21875,19.0
55902.717103,0.0,99.21875,20.0
55903.415103,0.0,0.0,21.0
55904.175103,0.0,0.0,25.0
55904.846103,0.0,-2.34375,33.0
55905.523103,0.0,-6.25,88.0
55906.224103,7.8125,2.34375,91.0
55906.929103,0.0,99.21875,20.0
55907.616103,0.0,0.0,22.0
55908.283103,1.5625,-5.46875,56.0
55909.049103,0.78125,-5.46875,64.0
55909.773103,0.0,99.21875,44.0
55910.484103,0.0,0.0,23.0
55911.172103,0.0,-2.34375,27.0
55911.888103,0.0,-3.125,41.0
55912.569103,1.5625,-5.46875,76.0
55913.293103,7.8125,-5.46875,83.0
55914.019103,2.34375,-6.25,75.0
55914.693103,2.34375,-7.03125,96.0
55915.398103,0.0,-3.125,96.0
55916.128103,0.0,1.5625,23.0
55916.806103,1.5625,-3.90625,43.0
55917.495103,0.0,3.90625,39.0
55918.164103,0.0,3.90625,21.0
55918.862103,-3.125,-3.125,26.0
55919.557103,6.25,-3.90625,58.0
55920.280103,1.5625,-5.46875,56.0
55920.984103,7.8125,-5.46875,80.0
55921.674103,10.15625,-5.46875,91.0
55922.345103,6.25,-7.03125,91.0
55923.040103,7.8125,-6.25,89.0
55923.716103,0.0,99.21875,83.0
55924.414103,0.78125,-3.90625,22.0
55925.095103,0.0,-3.90625,50.0
55925.829103,0.0,-5.46875,57.0
55926.531103,-2.34375,-5.46875,74.0
55927.223103,4.6875,-5.46875,86.0
55927.930103,4.6875,-3.90625,84.0
55928.614103,1.5625,2.34375,38.0
55929.303103,0.0,99.21875,19.0
55930.009103,0.0,99.21875,19.0
55930.712103,0.0,0.78125,19.0
55931.377103,0.78125,-3.125,20.0
55932.103103,0.0,-3.125,51.0
55932.784103,0.0,0.0,34.0
55933.487103,2.34375,0.0,31.0
55934.163103,0.0,0.0,31.0
55934.861103,1.5625,-3.90625,35.0
55935.613103,0.78125,-3.90625,54.0
55936.318103,-2.34375,-5.46875,70.0
55937.006103,2.34375,-5.46875,81.0
55937.706103,1.5625,-3.125,76.0
55938.396103,0.0,-3.125,49.0
55939.064103,1.5625,-3.90625,54.0
55939.766103,0.0,-3.125,54.0
55940.468103,-3.125,-2.34375,48.0
55941.133103,0.0,1.5625,33.0
55941.835103,0.0,99.21875,20.0
55942.579103,0.0,99.21875,19.0
55943.255103,0.0,99.21875,19.0
55943.947103,0.0,99.21875,19.0
55944.667103,0.0,99.21875,20.0
55945.413103,0.0,99.21875,19.0
55946.110103,2.34375,-5.46875,24.0
55946.801103,0.0,-3.90625,66.0
55947.558103,0.0,-3.90625,56.0
55948.261103,0.0,-3.125,54.0
55949.005103,-2.34375,-2.34375,44.0
55949.663103,2.34375,-2.34375,42.0
55950.374103,0.78125,1.5625,38.0
55951.068103,-5.46875,1.5625,27.0
55951.747103,-7.03125,-3.125,38.0
55952.488103,0.78125,-3.125,52.0
55953.197103,-5.46875,-2.34375,48.0
55953.876103,-3.125,-3.125,44.0
55954.550103,0.78125,-3.125,46.0
55955.283103,0.0,-3.125,46.0
55955.994103,-3.125,-2.34375,43.0
55956.675103,-3.125,-2.34375,40.0
55957.347103,1.5625,-2.34375,39.0
55958.027103,0.0,3.90625,36.0
55958.685103,0.0,1.5625,19.0
55959.385103,1.5625,-2.34375,33.0
55960.072103,0.0,-2.34375,38.0
55960.770103,0.0,2.34375,32.0
55961.472103,-2.34375,1.5625,24.0
55962.190103,0.0,1.5625,25.0
55962.888103,-7.03125,2.34375,25.0
55963.581103,-13.28125,1.5625,24.0
55964.341103,-3.90625,0.0,24.0
55965.028103,4.6875,-2.34375,32.0
55965.725103,1.5625,-2.34375,42.0
55966.396103,0.0,-2.34375,41.0
55967.097103,0.0,0.0,37.0
55967.807103,2.34375,0.0,36.0
55968.498103,5.46875,0.0,35.0
55969.199103,8.59375,0.0,35.0
55969.939103,10.15625,-2.34375,30.0
55970.625103,0.78125,-2.34375,39.0
55971.277103,6.25,-2.34375,39.0
55971.963103,6.25,-2.34375,39.0
55972.637103,7.8125,-3.125,47.0
55973.354103,0.0,99.21875,28.0
55974.019103,0.0,99.21875,19.0
55974.726103,0.0,99.21875,19.0
55975.426103,0.0,99.21875,19.0
55976.101103,1.5625,-5.46875,19.0
55976.778103,0.0,-5.46875,68.0
55977.478103,0.0,-5.46875,81.0
55978.165103,4.6875,-5.46875,79.0
55978.893103,5.46875,2.34375,38.0
55979.586103,0.78125,0.0,19.0
55980.303103,0.0,-2.34375,37.0
55981.001103,0.0,2.34375,33.0
55981.661103,0.0,99.21875,20.0
55982.347103,0.0,0.0,19.0
55983.057103,0.0,0.0,30.0
55983.735103,0.0,-2.34375,32.0
55984.396103,7.8125,-2.34375,46.0
55985.083103,2.34375,-3.125,38.0
55985.782103,0.0,-3.90625,59.0
55986.501103,4.6875,-2.34375,49.0
55987.184103,6.25,4.6875,32.0
55987.838103,0.0,0.0,20.0
55988.533103,2.34375,-3.125,34.0
55989.197103,2.34375,-2.34375,48.0
55989.905103,0.0,0.0,25.0
55990.644103,0.0,99.21875,30.0
55991.335103,0.0,99.21875,19.0
55992.068103,0.0,1.5625,19.0
55992.757103,0.0,99.21875,21.0
55993.442103,0.0,0.0,26.0
55994.161103,0.0,0.0,22.0
55994.828103,1.5625,0.0,30.0
55995.498103,3.90625,0.0,32.0
55996.501103,0.78125,-2.34375,38.0
55997.169103,0.78125,-2.34375,38.0
55997.842103,5.46875,-2.34375,36.0
55998.529103,5.46875,-3.125,37.0
55999.209103,6.25,-3.125,49.0
55999.871103,-2.34375,0.0,42.0
56000.570103,6.25,3.90625,28.0
56001.273103,0.0,2.34375,22.0
56001.957103,0.0,2.34375,23.0
56002.629103,-2.34375,0.0,27.0
56003.310103,7.8125,-2.34375,36.0
56003.999103,3.90625,-3.90625,37.0
56004.668103,4.6875,-3.90625,54.0
56005.344103,4.6875,-3.90625,55.0
56006.044103,0.78125,-3.90625,57.0
56006.717103,0.0,-3.125,51.0
56007.413103,0.0,-3.125,50.0
56008.110103,-2.34375,-2.34375,45.0
56008.790103,2.34375,-3.90625,43.0
56009.477103,1.5625,-3.125,50.0
56010.169103,2.34375,-2.34375,49.0
56010.878103,-2.34375,0.0,39.0
56011.571103,0.0,0.0,34.0
56012.292103,0.78125,-3.90625,35.0
56013.019103,-2.34375,-3.125,56.0
56013.723103,0.0,2.34375,35.0
56014.424103,-5.46875,1.5625,24.0
56015.114103,-6.25,1.5625,25.0
56015.829103,-6.25,0.0,25.0
56016.510103,0.78125,-2.34375,38.0
56017.174103,0.0,-2.34375,40.0
56017.839103,-3.125,-3.125,39.0
56018.521103,0.78125,-3.125,45.0
56019.235103,0.78125,0.0,41.0
56019.921103,0.78125,3.90625,22.0
56020.642103,0.0,0.0,34.0
56021.296103,0.78125,0.0,35.0
56022.033103,1.5625,0.0,34.0
56022.743103,1.5625,0.0,34.0
56023.431103,6.25,0.0,33.0
56024.107103,3.90625,0.0,31.0
56024.817103,-2.34375,99.21875,22.0
56025.531103,1.5625,0.0,21.0
56026.194103,0.0,0.0,26.0
56026.872103,0.0,0.78125,27.0
56027.575103,6.25,0.78125,27.0
56028.273103,2.34375,0.78125,26.0
56028.962103,0.78125,0.78125,26.0
56029.645103,5.46875,1.5625,26.0
56030.300103,-3.90625,99.21875,23.0
56030.977103,0.0,99.21875,19.0
56031.724103,0.0,99.21875,19.0
56032.416103,0.0,99.21875,19.0
56033.134103,0.0,99.21875,18.0
56033.788103,0.0,1.5625,19.0
56034.499103,1.5625,0.0,24.0
56035.238103,0.0,0.0,28.0
56035.921103,0.0,0.78125,28.0
56036.619103,1.5625,3.90625,26.0
56037.315103,0.0,3.90625,22.0
56038.048103,0.0,0.0,19.0
56038.761103,1.5625,4.6875,39.0
56039.468103,0.0,3.90625,20.0
56040.143103,0.0,-3.125,19.0
56040.807103,0.0,0.0,43.0
56041.508103,0.0,3.90625,23.0
56042.218103,0.0,4.6875,22.0
56042.914103,0.0,99.21875,19.0
56043.629103,0.0,99.21875,19.0
56044.372103,0.0,1.5625,20.0
56045.050103,0.0,99.21875,20.0
56045.746103,0.0,99.21875,21.0
56046.436103,0.0,99.21875,20.0
56047.139103,0.0,99.21875,20.0
56047.867103,0.0,99.21875,21.0
56048.554103,0.78125,0.0,25.0
56049.243103,0.0,-2.34375,38.0
56049.929103,0.0,-2.34375,41.0
56050.630103,0.0,2.34375,40.0
56051.287103,0.0,99.21875,22.0
56051.980103,0.0,99.21875,20.0
56052.658103,0.0,99.21875,21.0
56053.326103,0.0,99.21875,20.0
56054.010103,0.0,99.21875,20.0
56054.750103,0.0,99.21875,20.0
56055.431103,0.0,99.21875,17.0
56056.090103,0.0,99.21875,20.0
56056.779103,0.0,99.21875,21.0
56057.441103,0.0,0.0,23.0
56058.129103,0.0,-2.34375,28.0
56058.813103,0.0,-2.34375,35.0
56059.522103,0.78125,-2.34375,37.0
56060.200103,2.34375,-2.34375,37.0
56060.897103,4.6875,-2.34375,36.0
56061.589103,6.25,-2.34375,37.0
56062.299103,9.375,-2.34375,39.0
56062.989103,7.8125,-3.90625,40.0
56063.707103,1.5625,0.0,57.0
56064.418103,0.78125,-2.34375,37.0
56065.112103,4.6875,-3.90625,69.0
56065.800103,4.6875,-2.34375,60.0
56066.524103,0.78125,-2.34375,65.0
56067.205103,0.78125,-2.34375,72.0
56067.873103,0.0,-2.34375,62.0
56068.559103,6.25,0.0,53.0
56069.262103,-3.90625,0.0,39.0
56069.967103,0.0,0.0,38.0
56070.689103,-3.125,-3.125,38.0
56071.381103,-2.34375,-3.90625,57.0
56072.070103,3.90625,-3.90625,56.0
56072.756103,3.90625,-3.125,50.0
56073.446103,0.0,99.21875,54.0
56074.097103,0.0,-5.46875,22.0
56074.778103,0.0,-5.46875,74.0
56075.468103,0.0,-3.90625,82.0
56076.169103,0.0,0.0,35.0
56076.837103,1.5625,-3.90625,37.0
56077.507103,0.0,-3.90625,70.0
56078.212103,0.0,-3.125,87.0
56078.909103,2.34375,-3.125,96.0
56079.629103,-3.90625,-3.125,97.0
56080.295103,2.34375,-3.125,97.0
56081.008103,-3.125,-3.125,97.0
56081.716103,0.78125,-3.125,97.0
56082.389103,-5.46875,0.0,58.0
56083.075103,0.0,0.78125,27.0
56083.770103,0.0,0.78125,24.0
56084.462103,0.0,0.0,26.0
56085.163103,0.0,-2.34375,32.0
56085.846103,0.0,-2.34375,37.0
56086.517103,0.0,-2.34375,39.0
56087.207103,0.78125,-2.34375,40.0
56087.920103,4.6875,-3.125,57.0
56088.596103,0.0,-2.34375,62.0
56089.349103,-2.34375,-2.34375,58.0
56090.059103,3.90625,-2.34375,58.0
56090.741103,0.0,-3.90625,56.0
56091.465103,0.0,-3.125,56.0
56092.157103,-3.90625,1.5625,41.0
56092.846103,-3.90625,1.5625,26.0
56093.522103,-10.15625,0.78125,27.0
56094.214103,-5.46875,-3.125,31.0
56094.943103,3.90625,-2.34375,45.0
56095.655103,4.6875,0.0,37.0
56096.323103,3.90625,0.0,35.0
56097.011103,0.0,0.0,35.0
56097.717103,2.34375,0.0,30.0
56098.426103,2.34375,2.34375,26.0
56099.118103,0.0,99.21875,19.0
56099.861103,0.0,99.21875,20.0
56100.545103,0.0,99.21875,20.0
56101.301103,0.0,99.21875,20.0
56101.971103,0.0,99.21875,21.0
56102.670103,0.0,0.0,24.0
56103.389103,0.0,-3.90625,32.0
56104.101103,0.0,99.21875,56.0
56104.795103,0.0,0.0,26.0
56105.498103,0.78125,-2.34375,33.0
56106.181103,0.0,-3.125,38.0
56106.846103,4.6875,-3.125,58.0
56107.525103,3.90625,-3.125,60.0
56108.250103,6.25,-3.90625,57.0
56108.951103,-2.34375,-3.90625,61.0
56109.627103,0.0,-2.34375,54.0
56110.342103,-3.125,0.0,39.0
56111.065103,0.78125,1.5625,30.0
56111.758103,0.0,99.21875,19.0
56112.424103,1.5625,-3.90625,27.0
56113.097103,0.0,-5.46875,73.0
56113.783103,0.0,-3.90625,64.0
56114.458103,2.34375,-3.90625,61.0
56115.158103,1.5625,-2.34375,56.0
56115.891103,0.0,3.90625,30.0
56116.595103,0.0,3.90625,19.0
56117.274103,0.0,2.34375,20.0
56118.007103,-5.46875,0.0,26.0
56118.676103,2.34375,-3.125,36.0
56119.372103,0.78125,-7.03125,82.0
56120.043103,2.34375,-7.03125,96.0
56120.728103,5.46875,-7.03125,93.0
56121.420103,8.59375,3.90625,44.0
56122.126103,0.0,0.0,23.0
56122.818103,0.0,2.34375,35.0
56123.511103,0.0,3.90625,20.0
56124.257103,0.0,4.6875,20.0
56124.956103,0.0,3.90625,19.0
56125.648103,0.0,2.34375,20.0
56126.311103,-6.25,1.5625,27.0
56126.985103,0.0,1.5625,28.0
56127.668103,-2.34375,0.0,28.0
56128.379103,1.5625,-3.125,40.0
56129.067103,2.34375,-2.34375,45.0
56129.771103,0.0,-6.25,59.0
56130.498103,4.6875,-7.03125,96.0
56131.176103,3.90625,-3.125,94.0
56131.883103,0.0,-3.125,43.0
56132.585103,-2.34375,99.21875,30.0
56133.309103,0.0,99.21875,20.0
56134.000103,0.78125,-3.125,30.0
56134.682103,0.0,-3.90625,45.0
56135.391103,0.0,-7.03125,48.0
56136.085103,5.46875,-7.03125,91.0
56136.758103,12.5,-6.25,89.0
56137.433103,0.78125,0.0,52.0
56138.153103,0.0,99.21875,22.0
56138.839103,0.0,99.21875,21.0
56139.502103,0.0,99.21875,20.0
56140.180103,0.0,99.21875,20.0
56140.872103,0.0,99.21875,20.0
56141.596103,0.0,99.21875,20.0
56142.273103,0.0,99.21875,20.0
56142.968103,0.0,99.21875,18.0
56143.683103,0.0,99.21875,20.0
56144.343103,0.0,99.21875,19.0
56145.035103,0.0,99.21875,20.0
56145.707103,0.0,99.21875,19.0
56146.399103,0.0,0.0,19.0
56147.079103,0.0,-3.125,36.0
56147.753103,0.0,-3.90625,54.0
56148.457103,0.0,-3.90625,57.0
56149.163103,-2.34375,-3.90625,58.0
56149.857103,-3.90625,-3.125,56.0
56150.545103,-2.34375,-3.125,50.0
56151.230103,-3.125,99.21875,32.0
56151.926103,0.0,99.21875,20.0
56152.661103,0.0,99.21875,20.0
56153.347103,0.0,99.21875,19.0
56154.054103,0.0,99.21875,19.0
56154.750103,0.0,99.21875,19.0
56155.445103,0.0,99.21875,19.0
56156.115103,0.0,1.5625,19.0
56156.768103,0.0,-3.125,27.0
56157.448103,0.0,-3.125,48.0
56158.185103,0.0,4.6875,39.0
56158.917103,0.0,4.6875,21.0
56159.628103,0.0,3.90625,24.0
56160.309103,0.0,-2.34375,34.0
56160.981103,3.90625,0.0,36.0
56161.669103,6.25,2.34375,25.0
56162.370103,0.0,-2.34375,24.0
56163.082103,6.25,-3.125,46.0
56163.775103,3.90625,-2.34375,47.0
56164.453103,0.78125,2.34375,30.0
56165.154103,-3.90625,0.78125,28.0
56165.842103,5.46875,0.78125,29.0
56166.558103,4.6875,1.5625,29.0
56167.259103,0.0,1.5625,28.0
56168.000103,-9.375,1.5625,26.0
56168.688103,-7.03125,4.6875,26.0
56169.374103,0.0,4.6875,22.0
56170.093103,0.0,3.90625,22.0
56170.764103,0.0,3.90625,22.0
56171.459103,0.0,4.6875,22.0
56172.166103,0.0,4.6875,22.0
56172.851103,0.0,3.90625,20.0
56173.539103,0.0,99.21875,19.0
56174.314103,0.0,99.21875,19.0
56175.016103,0.0,99.21875,19.0
56175.717103,0.0,99.21875,19.0
56176.409103,0.0,99.21875,19.0
56177.109103,0.0,99.21875,20.0
56177.797103,0.0,99.21875,19.0
56178.511103,0.0,99.21875,20.0
56179.202103,0.0,99.21875,19.0
56179.957103,0.0,99.21875,19.0
56180.657103,0.0,99.21875,20.0
56181.357103,0.0,99.21875,20.0
56182.046103,0.0,99.21875,19.0
56182.739103,0.0,99.21875,20.0
56183.455103,0.0,99.21875,21.0
56184.130103,0.0,99.21875,20.0
56184.838103,0.0,0.0,21.0
56185.518103,0.0,0.0,26.0
56186.216103,0.0,-2.34375,33.0
56186.882103,0.0,-2.34375,37.0
56187.564103,0.78125,-2.34375,36.0
56188.266103,3.90625,-2.34375,35.0
56188.935103,4.6875,0.0,36.0
56189.653103,7.8125,0.0,35.0
56190.326103,9.375,0.0,36.0
56191.039103,12.5,-2.34375,36.0
56191.741103,9.375,-2.34375,36.0
56192.432103,8.59375,-2.34375,36.0
56193.139103,7.8125,-2.34375,36.0
56193.835103,6.25,-2.34375,37.0
56194.515103,9.375,-2.34375,36.0
56195.214103,8.59375,-2.34375,37.0
56195.900103,7.8125,-2.34375,37.0
56196.594103,3.90625,-3.125,63.0
56197.300103,0.0,-3.90625,67.0
56197.988103,2.34375,-3.125,80.0
56198.678103,0.78125,-3.125,95.0
56199.412103,8.59375,-6.25,94.0
56200.119103,6.25,-6.25,93.0
56200.784103,2.34375,99.21875,71.0
56201.470103,0.0,-2.34375,26.0
56202.161103,0.78125,-5.46875,63.0
56202.859103,0.0,-3.90625,81.0
56203.595103,2.34375,-3.125,94.0
56204.330103,0.0,-3.125,97.0
56205.009103,0.0,-3.125,98.0
56205.703103,0.0,-3.125,97.0
56206.393103,0.0,-3.125,97.0
56207.086103,0.0,-3.125,58.0
56207.745103,0.0,-6.25,96.0
56208.457103,0.0,-6.25,97.0
56209.134103,0.0,-6.25,97.0
56209.829103,0.0,-6.25,97.0
56210.505103,0.0,-6.25,96.0
56211.189103,0.0,-6.25,96.0
56211.866103,0.0,-6.25,96.0
56212.563103,0.0,-6.25,96.0
56213.314103,0.0,-7.03125,96.0
56213.989103,0.0,-7.03125,96.0
56214.683103,0.0,-7.03125,97.0
56215.389103,0.0,-7.03125,97.0
56216.087103,0.0,-7.03125,96.0
56216.823103,0.0,-7.03125,96.0
56217.543103,0.0,-7.03125,96.0
56218.255103,5.46875,0.78125,61.0
56218.984103,0.0,99.21875,20.0
56219.679103,0.0,99.21875,21.0
56220.340103,0.0,99.21875,21.0
56221.023103,0.0,99.21875,20.0
56221.754103,0.0,99.21875,19.0
56222.424103,0.0,99.21875,19.0
56223.152103,0.0,1.5625,19.0
56223.825103,0.0,-3.125,32.0
56224.506103,0.0,-2.34375,42.0
56225.158103,0.0,-2.34375,37.0
56225.854103,2.34375,-3.125,40.0
56226.519103,3.90625,-3.125,47.0
56227.192103,2.34375,-3.90625,53.0
56227.886103,2.34375,-3.125,57.0
56228.574103,1.5625,-3.125,46.0
56229.313103,1.5625,-3.125,44.0
56229.990103,1.5625,-3.125,44.0
56230.658103,6.25,-3.125,48.0
56231.347103,8.59375,-3.125,48.0
56232.087103,2.34375,-3.90625,58.0
56232.783103,5.46875,-5.46875,64.0
56233.524103,0.0,-5.46875,83.0
56234.224103,-2.34375,-5.46875,71.0
56234.894103,-3.90625,-5.46875,64.0
56235.586103,-5.46875,-5.46875,64.0
56236.285103,0.0,2.34375,51.0
56236.988103,2.34375,-3.90625,36.0
56237.656103,0.0,-3.125,49.0
56238.324103,0.0,3.90625,43.0
56238.993103,0.0,99.21875,19.0
56239.685103,0.0,99.21875,20.0
56240.380103,0.0,99.21875,20.0
56241.060103,0.0,99.21875,20.0
56241.736103,1.5625,-3.90625,24.0
56242.417103,0.0,-5.46875,62.0
56243.110103,0.0,-5.46875,73.0
56243.819103,1.5625,-5.46875,80.0
56244.518103,11.71875,-5.46875,86.0
56245.194103,11.71875,-6.25,89.0
56245.893103,9.375,-6.25,90.0
56246.605103,10.15625,-5.46875,91.0
56247.296103,3.90625,-3.90625,72.0
56247.989103,3.90625,-3.90625,58.0
56248.729103,3.90625,-3.90625,57.0
56249.415103,0.78125,-3.125,56.0
56250.100103,0.0,99.21875,26.0
56250.814103,0.0,99.21875,19.0
56251.509103,0.0,-3.125,20.0
56252.190103,0.0,-3.90625,52.0
56252.866103,0.0,-3.90625,56.0
56253.593103,4.6875,0.78125,49.0
56254.293103,0.0,3.90625,23.0
56255.008103,-3.125,0.0,23.0
56255.675103,4.6875,-3.125,33.0
56256.368103,5.46875,-3.125,50.0
56257.050103,1.5625,-2.34375,49.0
56257.730103,2.34375,-3.125,42.0
56258.443103,5.46875,-3.90625,63.0
56259.111103,3.90625,-3.90625,60.0
56259.801103,2.34375,-3.90625,55.0
56260.506103,1.5625,-3.125,50.0
56261.217103,-3.90625,-2.34375,43.0
56261.874103,-5.46875,0.0,40.0
56262.553103,0.78125,0.0,32.0
56263.220103,4.6875,0.78125,31.0
56263.926103,0.78125,0.0,27.0
56264.604103,2.34375,-3.125,44.0
56265.268103,2.34375,-3.125,41.0
56265.939103,4.6875,-2.34375,45.0
56266.634103,3.90625,0.0,42.0
56267.312103,8.59375,0.0,35.0
56268.017103,5.46875,0.0,34.0
56268.747103,0.0,2.34375,33.0
56269.458103,0.0,99.21875,19.0
56270.142103,0.0,99.21875,19.0
56270.919103,1.5625,-3.125,20.0
56271.624103,0.0,-3.90625,40.0
56272.312103,1.5625,-3.90625,55.0
56273.057103,7.8125,-3.125,57.0
56273.781103,5.46875,-3.90625,52.0
56274.492103,2.34375,0.0,55.0
56275.203103,0.0,1.5625,22.0
56275.897103,0.0,99.21875,19.0
56276.578103,0.0,99.21875,19.0
56277.326103,0.0,99.21875,19.0
56277.974103,0.0,99.21875,18.0
56278.676103,0.0,99.21875,19.0
56279.373103,0.0,0.0,19.0
56280.042103,0.0,99.21875,22.0
56280.730103,0.0,99.21875,19.0
56281.428103,0.0,99.21875,19.0
56282.138103,0.0,99.21875,20.0
56282.801103,0.0,0.78125,19.0
56283.541103,1.5625,99.21875,30.0
56284.680103,0.0,99.21875,19.0
56285.364103,0.0,99.21875,20.0
56286.039103,0.0,99.21875,20.0
56286.745103,0.0,0.0,21.0
56287.445103,0.0,3.90625,29.0
56288.165103,0.0,3.90625,29.0
56288.857103,0.0,99.21875,21.0
56289.546103,0.0,99.21875,21.0
56290.234103,0.0,99.21875,21.0
56290.947103,0.0,99.21875,21.0
56291.679103,0.0,99.21875,21.0
56292.338103,0.0,0.0,21.0
56293.033103,0.78125,0.78125,30.0
56293.723103,0.0,4.6875,27.0
56294.409103,0.0,4.6875,26.0
56295.090103,0.0,1.5625,25.0
56295.825103,-5.46875,0.0,32.0
56296.489103,0.78125,0.0,39.0
56297.182103,-3.90625,0.0,35.0
56297.874103,0.0,3.90625,27.0
56298.592103,0.0,4.6875,22.0
56299.310103,0.0,1.5625,24.0
56300.050103,-2.34375,99.21875,26.0
56300.765103,0.0,99.21875,20.0
56301.482103,0.0,-2.34375,23.0
56302.168103,0.0,-3.125,46.0
56302.842103,0.0,-3.125,46.0
56303.533103,0.78125,-2.34375,48.0
56304.259103,0.0,2.34375,27.0
56304.952103,0.0,3.90625,28.0
56305.663103,0.0,99.21875,19.0
56306.360103,0.0,99.21875,19.0
56307.057103,0.0,99.21875,19.0
56307.731103,0.0,99.21875,19.0
56308.416103,0.0,-2.34375,19.0
56309.087103,0.78125,-3.90625,55.0
56309.790103,0.0,1.5625,41.0
56310.513103,0.0,2.34375,31.0
56311.191103,0.0,99.21875,20.0
56311.857103,0.0,99.21875,19.0
56312.526103,0.0,99.21875,19.0
56313.258103,0.0,99.21875,20.0
56314.001103,0.0,-3.125,19.0
56314.709103,0.0,-5.46875,53.0
56315.436103,0.0,-5.46875,78.0
56316.139103,4.6875,-5.46875,78.0
56316.829103,5.46875,-3.90625,73.0
56317.562103,9.375,-5.46875,59.0
56318.258103,1.5625,-5.46875,67.0
56318.946103,-3.125,-3.90625,67.0
56319.636103,2.34375,-3.90625,60.0
56320.366103,0.0,-3.90625,60.0
56321.048103,0.0,3.90625,57.0
56321.751103,0.78125,-3.90625,40.0
56322.442103,1.5625,-3.90625,61.0
56323.170103,4.6875,1.5625,52.0
56323.880103,-6.25,-2.34375,26.0
56324.551103,5.46875,-3.90625,48.0
56325.265103,2.34375,-3.125,53.0
56325.931103,3.90625,-3.90625,50.0
56326.627103,2.34375,-2.34375,50.0
56327.299103,0.78125,-3.90625,31.0
56327.972103,-3.125,-3.90625,59.0
56328.661103,-3.125,0.0,50.0
56329.371103,0.0,0.0,27.0
56330.034103,-3.90625,0.0,30.0
56330.738103,0.78125,-3.90625,32.0
56331.465103,1.5625,-3.125,51.0
56332.136103,0.78125,-3.125,47.0
56332.825103,2.34375,0.0,47.0
56333.526103,3.90625,0.0,31.0
56334.192103,1.5625,0.0,31.0
56334.890103,2.34375,0.0,31.0
56335.572103,10.15625,0.0,30.0
56336.274103,8.59375,0.0,30.0
56336.948103,5.46875,2.34375,30.0
56337.621103,0.0,99.21875,19.0
56338.347103,0.0,99.21875,19.0
56339.036103,0.0,99.21875,19.0
56339.692103,0.0,99.21875,19.0
56340.422103,0.0,-3.125,19.0
56341.126103,0.0,-3.90625,52.0
56341.830103,0.0,1.5625,43.0
56342.529103,0.0,99.21875,20.0
56343.218103,0.0,99.21875,20.0
56343.918103,0.0,99.21875,19.0
56344.617103,0.0,99.21875,20.0
56345.304103,0.0,99.21875,20.0
56346.034103,0.78125,-3.90625,21.0
56346.713103,0.0,3.90625,50.0
56347.378103,0.0,99.21875,21.0
56348.083103,0.0,99.21875,21.0
56348.751103,0.0,99.21875,21.0
56349.464103,0.0,99.21875,21.0
56350.150103,0.0,99.21875,21.0
56350.843103,0.0,99.21875,21.0
56351.555103,0.0,99.21875,19.0
56352.280103,0.0,99.21875,19.0
56352.982103,0.0,99.21875,20.0
56353.683103,0.0,99.21875,20.0
56354.368103,0.0,99.21875,20.0
56355.067103,0.0,99.21875,21.0
56355.793103,0.0,99.21875,21.0
56356.462103,0.0,99.21875,20.0
56357.139103,0.0,99.21875,20.0
56357.851103,0.0,99.21875,20.0
56358.577103,0.0,99.21875,19.0
56359.264103,0.0,99.21875,19.0
56359.962103,0.0,99.21875,20.0
56360.663103,0.0,99.21875,21.0
56361.383103,0.0,99.21875,21.0
56362.078103,0.0,99.21875,23.0
56362.751103,0.0,99.21875,23.0
56363.460103,0.0,99.21875,24.0
56364.159103,0.0,99.21875,25.0
56364.839103,0.0,99.21875,24.0
56365.535103,0.0,99.21875,24.0
56366.213103,0.0,99.21875,24.0
56366.905103,0.0,99.21875,24.0
56367.637103,0.0,99.21875,23.0
56368.320103,0.0,99.21875,23.0
56369.043103,0.0,99.21875,23.0
56369.733103,0.0,0.0,24.0
56370.476103,0.0,0.0,26.0
56371.182103,0.0,-2.34375,32.0
56371.868103,0.0,-2.34375,37.0
56372.598103,1.5625,-2.34375,37.0
56373.321103,4.6875,-2.34375,37.0
56374.065103,6.25,-2.34375,37.0
56374.762103,9.375,-2.34375,37.0
56375.452103,11.71875,-3.125,39.0
56376.138103,8.59375,-3.125,41.0
56376.847103,7.8125,-3.125,43.0
56377.597103,6.25,-3.125,44.0
56378.259103,5.46875,-3.125,44.0
56378.968103,4.6875,-3.125,44.0
56379.650103,3.90625,-3.125,44.0
56380.345103,2.34375,-3.125,44.0
56381.081103,1.5625,-3.125,44.0
56381.757103,3.90625,-3.125,44.0
56382.441103,1.5625,-3.125,44.0
56383.134103,0.78125,-3.125,44.0
56383.824103,0.0,-3.125,44.0
56384.485103,0.78125,0.78125,44.0
56385.161103,1.5625,0.78125,43.0
56385.845103,0.0,0.78125,43.0
56386.557103,0.0,0.78125,44.0
56387.248103,-2.34375,0.78125,44.0
56387.958103,-3.125,0.78125,44.0
56388.645103,-3.90625,0.78125,44.0
56389.337103,-2.34375,0.78125,44.0
56390.017103,-3.125,0.78125,43.0
56390.709103,-3.90625,0.78125,43.0
56391.419103,-2.34375,0.78125,44.0
56392.106103,-3.125,0.78125,44.0
56392.815103,-3.90625,0.78125,43.0
56393.508103,-5.46875,0.0,44.0
56394.190103,-3.125,0.78125,46.0
56394.891103,-5.46875,0.78125,44.0
56395.634103,-5.46875,0.78125,44.0
56396.342103,-6.25,0.78125,44.0
56397.038103,-5.46875,0.78125,43.0
56397.786103,-7.8125,-3.125,43.0
56398.504103,-11.71875,0.0,59.0
56399.186103,-9.375,-2.34375,45.0
56399.919103,-10.15625,0.0,52.0
56400.620103,-10.9375,2.34375,33.0
56401.328103,-10.15625,1.5625,37.0
56402.019103,-9.375,0.78125,39.0
56402.702103,-7.8125,0.78125,42.0
56403.389103,-7.03125,0.78125,44.0
56404.065103,-3.90625,-3.90625,74.0
56404.712103,-6.25,-3.90625,66.0
56405.398103,0.0,-3.125,88.0
56406.091103,0.0,-5.46875,88.0
56406.771103,1.5625,0.0,89.0
56407.470103,0.0,0.0,25.0
56408.173103,1.5625,0.0,37.0
56408.877103,1.5625,0.0,36.0
56409.555103,3.90625,1.5625,31.0
56410.286103,0.0,2.34375,23.0
56410.956103,0.0,1.5625,24.0
56411.659103,-6.25,0.78125,25.0
56412.367103,2.34375,0.0,29.0
56413.059103,1.5625,-3.125,41.0
56413.728103,-3.90625,-5.46875,63.0
56414.421103,-5.46875,-5.46875,63.0
56415.118103,0.0,0.78125,28.0
56415.774103,0.78125,1.5625,22.0
56416.446103,0.0,99.21875,21.0
56417.129103,0.0,3.90625,21.0
56417.814103,0.0,0.78125,21.0
56418.484103,0.0,0.0,28.0
56419.156103,0.0,0.0,36.0
56419.902103,-2.34375,-2.34375,40.0
56420.583103,0.0,-3.90625,61.0
56421.286103,1.5625,-3.125,54.0
56422.023103,-3.125,-3.125,48.0
56422.709103,5.46875,-3.125,49.0
56423.397103,2.34375,-3.125,49.0
56424.083103,2.34375,-3.125,50.0
56424.782103,-2.34375,0.0,38.0
56425.464103,0.0,0.78125,28.0
56426.186103,8.59375,-2.34375,33.0
56426.883103,-3.125,-2.34375,43.0
56427.579103,-3.125,-3.125,43.0
56428.267103,-3.90625,0.0,44.0
56428.970103,0.0,0.0,38.0
56429.670103,-2.34375,1.5625,22.0
56430.406103,1.5625,-3.90625,67.0
56431.084103,0.0,3.90625,52.0
56431.759103,0.0,0.78125,21.0
56432.482103,0.0,1.5625,24.0
56433.168103,-6.25,4.6875,28.0
56433.857103,0.0,5.46875,22.0
56434.511103,-2.34375,-2.34375,24.0
56435.217103,-2.34375,0.0,44.0
56435.893103,-2.34375,2.34375,39.0
56436.587103,0.0,99.21875,22.0
56437.292103,0.0,99.21875,21.0
56437.992103,0.0,99.21875,21.0
56438.695103,0.0,0.78125,21.0
56439.445103,0.0,99.21875,24.0
56440.132103,0.0,3.90625,21.0
56440.842103,0.0,1.5625,21.0
56441.545103,0.0,1.5625,28.0
56442.232103,0.0,0.78125,26.0
56442.926103,-3.90625,0.0,35.0
56443.592103,1.5625,-2.34375,43.0
56444.265103,-2.34375,0.0,43.0
56444.950103,0.78125,4.6875,33.0
56445.628103,0.0,99.21875,20.0
56446.363103,0.0,99.21875,20.0
56447.035103,0.0,0.78125,20.0
56447.727103,0.0,0.78125,26.0
56448.424103,0.0,0.78125,29.0
56449.175103,-2.34375,0.78125,30.0
56449.845103,1.5625,0.78125,28.0
56450.522103,6.25,3.90625,27.0
56451.193103,0.0,99.21875,20.0
56451.890103,0.0,99.21875,19.0
56452.584103,0.0,99.21875,20.0
56453.289103,0.0,99.21875,20.0
56453.976103,0.0,99.21875,20.0
56454.633103,0.0,99.21875,20.0
56455.347103,0.0,99.21875,20.0
56456.072103,0.0,99.21875,19.0
56456.772103,0.0,99.21875,20.0
56457.471103,0.0,0.0,23.0
56458.158103,0.0,3.90625,26.0
56458.836103,0.0,2.34375,22.0
56459.551103,0.0,0.78125,24.0
56460.207103,4.6875,1.5625,26.0
56460.883103,4.6875,2.34375,25.0
56461.549103,0.0,3.90625,20.0
56462.241103,0.0,99.21875,19.0
56462.940103,0.0,99.21875,19.0
56463.616103,0.78125,0.0,21.0
56464.282103,0.0,0.0,28.0
56465.021103,0.0,0.78125,28.0
56465.715103,5.46875,0.78125,27.0
56466.379103,2.34375,2.34375,26.0
56467.075103,0.0,99.21875,19.0
56467.759103,0.0,1.5625,20.0
56468.441103,0.0,2.34375,20.0
56469.141103,0.0,0.0,25.0
56469.819103,0.0,2.34375,30.0
56470.502103,0.0,0.78125,25.0
56471.187103,-2.34375,0.0,29.0
56471.879103,0.0,-3.125,45.0
56472.579103,1.5625,3.90625,49.0
56473.257103,0.0,0.78125,20.0
56474.003103,0.0,-3.125,42.0
56474.698103,0.0,-2.34375,44.0
56475.402103,2.34375,-2.34375,42.0
56476.081103,1.5625,-2.34375,38.0
56476.764103,1.5625,-2.34375,38.0
56477.457103,3.90625,-2.34375,37.0
56478.141103,1.5625,-2.34375,40.0
56478.847103,0.0,-2.34375,41.0
56479.506103,0.78125,-3.90625,41.0
56480.209103,5.46875,-7.03125,89.0
56480.882103,10.15625,-3.90625,95.0
56481.557103,4.6875,99.21875,23.0
56482.267103,0.0,1.5625,19.0
56482.959103,0.0,99.21875,19.0
56483.662103,0.0,99.21875,19.0
56484.324103,0.0,1.5625,20.0
56485.066103,0.0,2.34375,19.0
56485.731103,0.0,0.0,23.0
56486.417103,1.5625,-2.34375,30.0
56487.115103,3.90625,-3.125,41.0
56487.811103,0.78125,-3.125,47.0
56488.501103,0.0,-3.90625,56.0
56489.179103,0.0,-3.90625,61.0
56489.953103,0.78125,-3.90625,60.0
56490.646103,0.78125,-3.90625,61.0
56491.359103,0.0,-5.46875,60.0
56492.040103,-2.34375,-3.90625,54.0
56492.745103,-6.25,-3.125,48.0
56493.465103,-6.25,-3.125,46.0
56494.181103,-3.125,0.0,44.0
56494.883103,0.0,-3.90625,23.0
56495.583103,0.0,-3.90625,59.0
56496.296103,0.0,-2.34375,48.0
56496.979103,0.0,0.0,37.0
56497.683103,0.78125,0.0,33.0
56498.367103,4.6875,0.0,34.0
56499.068103,4.6875,0.0,34.0
56499.835103,4.6875,0.78125,34.0
56500.571103,0.0,99.21875,20.0
56501.267103,0.0,99.21875,19.0
56502.011103,0.0,99.21875,20.0
56502.714103,0.0,3.90625,19.0
56503.433103,1.5625,0.0,31.0
56504.115103,0.0,99.21875,28.0
56504.830103,0.0,0.78125,22.0
56505.523103,0.0,3.90625,21.0
56506.229103,0.0,0.0,26.0
56506.929103,3.90625,0.0,33.0
56507.590103,5.46875,0.0,33.0
56508.314103,7.8125,1.5625,31.0
56508.994103,5.46875,0.78125,27.0
56509.701103,0.78125,1.5625,27.0
56510.422103,0.0,1.5625,26.0
56511.143103,-7.8125,1.5625,26.0
56511.838103,1.5625,-2.34375,32.0
56512.538103,0.0,-2.34375,42.0
56513.218103,0.0,0.0,38.0
56513.901103,0.78125,0.78125,35.0
56514.578103,0.78125,2.34375,29.0
56515.275103,-7.03125,2.34375,26.0
56516.004103,-14.0625,2.34375,26.0
56516.688103,-10.15625,3.90625,26.0
56517.389103,-2.34375,99.21875,20.0
56518.108103,0.0,99.21875,19.0
56518.829103,0.0,99.21875,19.0
56519.482103,0.0,99.21875,19.0
56520.202103,0.0,99.21875,19.0
56520.884103,0.0,99.21875,18.0
56521.602103,0.0,99.21875,19.0
56522.285103,0.0,99.21875,18.0
56522.982103,0.0,99.21875,19.0
56523.683103,0.0,99.21875,18.0
56524.366103,0.0,99.21875,18.0
56525.058103,0.0,99.21875,19.0
56525.790103,0.0,99.21875,19.0
56526.495103,0.0,99.21875,19.0
56527.187103,0.0,99.21875,19.0
56527.894103,0.0,99.21875,19.0
56528.570103,0.0,99.21875,19.0
56529.273103,0.0,99.21875,20.0
56529.976103,0.0,99.21875,20.0
56530.678103,0.0,99.21875,19.0
56531.364103,0.0,99.21875,19.0
56532.064103,0.0,99.21875,20.0
56532.767103,1.5625,-2.34375,22.0
56533.482103,0.0,-3.125,35.0
56534.144103,0.0,-5.46875,57.0
56534.834103,1.5625,-5.46875,82.0
56535.535103,2.34375,-5.46875,78.0
56536.244103,3.90625,-3.125,74.0
56536.931103,-2.34375,4.6875,43.0
56537.616103,0.0,3.90625,20.0
56538.308103,0.0,0.0,27.0
56538.992103,0.0,0.78125,30.0
56539.676103,0.0,4.6875,22.0
56540.359103,0.0,4.6875,19.0
56541.049103,0.0,4.6875,19.0
56541.756103,0.0,4.6875,19.0
56542.427103,0.0,4.6875,20.0
56543.092103,0.0,4.6875,22.0
56543.828103,0.0,4.6875,22.0
56544.529103,0.0,5.46875,22.0
56545.256103,0.0,99.21875,20.0
56545.946103,0.0,99.21875,19.0
56546.703103,0.0,99.21875,19.0
56547.369103,0.0,99.21875,19.0
56548.060103,0.0,99.21875,19.0
56548.746103,0.0,99.21875,19.0
56549.418103,0.0,99.21875,19.0
56550.105103,0.0,99.21875,19.0
56550.800103,0.0,99.21875,19.0
56551.489103,0.0,99.21875,19.0
56552.166103,0.0,2.34375,19.0
56552.846103,0.78125,-5.46875,61.0
56553.577103,0.0,-6.25,93.0
56554.262103,7.8125,-5.46875,90.0
56554.953103,5.46875,-5.46875,84.0
56555.649103,-2.34375,99.21875,36.0
56556.354103,0.0,1.5625,20.0
56557.038103,0.0,-2.34375,25.0
56557.797103,0.0,-2.34375,41.0
56558.484103,0.0,-2.34375,42.0
56559.188103,3.90625,99.21875,36.0
56559.853103,0.0,99.21875,21.0
56560.542103,0.0,99.21875,22.0
56561.226103,0.0,99.21875,22.0
56561.925103,0.0,99.21875,22.0
56562.635103,0.0,99.21875,22.0
56563.839103,0.0,99.21875,22.0
56564.534103,0.0,99.21875,21.0
56565.211103,0.0,99.21875,21.0
56565.913103,0.0,99.21875,22.0
56566.603103,0.0,2.34375,24.0
56567.294103,0.0,3.90625,30.0
56567.989103,0.0,-3.125,33.0
56568.685103,0.0,-5.46875,88.0
56569.373103,5.46875,-5.46875,82.0
56570.039103,4.6875,-6.25,94.0
56570.712103,14.84375,-6.25,94.0
56571.407103,6.25,-6.25,97.0
56572.133103,0.0,-5.46875,97.0
56572.805103,1.5625,4.6875,40.0
56573.488103,0.0,99.21875,20.0
56574.185103,0.0,99.21875,20.0
56574.895103,0.0,2.34375,20.0
56575.603103,0.78125,0.0,29.0
56576.293103,0.0,-2.34375,37.0
56576.981103,0.0,-3.90625,43.0
56577.667103,0.78125,-3.90625,59.0
56578.336103,2.34375,-3.90625,59.0
56579.024103,3.90625,-3.90625,55.0
56579.701103,8.59375,-3.90625,56.0
56580.439103,8.59375,-3.90625,56.0
56581.137103,4.6875,-5.46875,77.0
56581.792103,2.34375,-5.46875,74.0
56582.483103,5.46875,-5.46875,74.0
56583.139103,0.0,-5.46875,76.0
56583.817103,0.0,-5.46875,76.0
56584.502103,-2.34375,-3.90625,67.0
56585.191103,-6.25,0.0,43.0
56585.918103,-2.34375,0.0,34.0
56586.618103,5.46875,0.0,34.0
56587.300103,4.6875,0.0,34.0
56588.021103,-2.34375,0.0,38.0
56588.727103,1.5625,3.90625,35.0
56589.414103,0.0,3.90625,22.0
56590.097103,0.0,2.34375,23.0
56590.797103,-5.46875,0.78125,27.0
56591.507103,7.8125,-2.34375,28.0
56592.240103,6.25,-2.34375,38.0
56592.952103,3.90625,0.0,39.0
56593.663103,1.5625,0.0,37.0
56594.340103,2.34375,0.0,34.0
56595.061103,4.6875,0.0,33.0
56595.794103,10.15625,0.78125,31.0
56596.479103,6.25,1.5625,28.0
56597.140103,-2.34375,1.5625,28.0
56597.816103,0.0,3.90625,27.0
56598.509103,0.0,99.21875,19.0
56599.266103,1.5625,-2.34375,19.0
56600.024103,0.0,3.90625,37.0
56600.700103,0.0,99.21875,19.0
56601.395103,0.0,99.21875,22.0
56602.078103,0.0,99.21875,19.0
56602.800103,0.0,0.0,21.0
56603.488103,0.0,0.0,33.0
56604.172103,0.0,0.0,33.0
56604.875103,0.0,0.78125,31.0
56605.595103,5.46875,0.78125,30.0
56606.281103,0.0,0.0,31.0
56606.970103,2.34375,0.78125,31.0
56607.629103,3.90625,0.78125,29.0
56608.310103,0.0,99.21875,23.0
56609.009103,0.0,99.21875,19.0
56609.741103,0.0,99.21875,20.0
56610.432103,0.0,99.21875,20.0
56611.140103,0.0,-3.125,22.0
56611.876103,0.0,-3.90625,46.0
56612.585103,0.0,-6.25,58.0
56613.310103,0.0,0.0,75.0
56613.973103,0.0,99.21875,21.0
56614.648103,0.0,99.21875,20.0
56615.312103,0.0,99.21875,20.0
56616.026103,0.0,99.21875,19.0
56616.731103,0.0,2.34375,19.0
56617.426103,0.0,3.90625,19.0
56618.104103,0.0,3.90625,19.0
56618.784103,0.0,5.46875,21.0
56619.461103,0.0,0.0,19.0
56620.145103,1.5625,-6.25,96.0
56620.827103,0.0,-7.03125,96.0
56621.508103,0.0,-7.03125,96.0
56622.218103,0.0,-6.25,97.0
56622.959103,0.0,99.21875,23.0
56623.648103,0.0,99.21875,21.0
56624.344103,0.0,99.21875,22.0
56625.021103,0.0,99.21875,19.0
56625.684103,0.0,99.21875,20.0
56626.363103,2.34375,1.5625,20.0
56627.061103,0.0,1.5625,20.0
56627.756103,0.0,1.5625,24.0
56628.495103,0.0,2.34375,24.0
56629.184103,-7.8125,-3.125,23.0
56629.898103,0.0,-3.125,53.0
56630.608103,9.375,-3.125,51.0
56631.293103,11.71875,-3.125,50.0
56631.997103,7.8125,0.0,49.0
56632.690103,0.0,99.21875,21.0
56633.397103,0.0,99.21875,19.0
56634.078103,0.0,99.21875,20.0
56634.804103,0.0,99.21875,20.0
56635.489103,0.0,99.21875,20.0
56636.150103,2.34375,-6.25,40.0
56636.823103,0.0,-6.25,67.0
56637.550103,0.0,-6.25,83.0
56638.245103,0.78125,-6.25,79.0
56638.940103,-3.90625,-3.125,66.0
56639.659103,-3.125,0.0,40.0
56640.364103,-3.125,0.0,31.0
56641.052103,0.0,5.46875,29.0
56641.716103,0.0,99.21875,20.0
56642.422103,0.0,99.21875,20.0
56643.109103,0.0,99.21875,20.0
56643.799103,0.0,99.21875,19.0
56644.491103,0.0,99.21875,22.0
56645.161103,0.0,99.21875,22.0
56645.850103,0.0,99.21875,21.0
56646.601103,0.0,99.21875,22.0
56647.306103,0.0,0.0,23.0
56648.030103,0.0,3.90625,26.0
56648.710103,0.0,2.34375,33.0
56649.396103,0.0,3.90625,36.0
56650.098103,0.78125,2.34375,35.0
56650.777103,2.34375,3.90625,36.0
56651.467103,4.6875,3.90625,36.0
56652.188103,6.25,3.90625,35.0
56652.912103,8.59375,3.90625,35.0
56653.622103,11.71875,3.90625,35.0
56654.293103,8.59375,3.90625,35.0
56654.987103,7.8125,2.34375,36.0
56655.693103,6.25,0.0,43.0
56656.378103,5.46875,0.0,57.0
56657.085103,4.6875,0.0,51.0
56657.754103,3.90625,0.78125,44.0
56658.451103,2.34375,0.78125,43.0
56659.123103,1.5625,0.78125,43.0
56659.865103,3.90625,0.0,44.0
56660.535103,2.34375,0.0,46.0
56661.229103,1.5625,0.0,47.0
56661.941103,0.78125,0.0,50.0
56662.632103,0.0,0.0,52.0
56663.341103,0.0,0.0,54.0
56664.026103,-2.34375,-2.34375,57.0
56664.685103,-2.34375,-2.34375,58.0
56665.360103,-3.125,-2.34375,59.0
56666.048103,-3.90625,0.0,57.0
56666.767103,-7.03125,0.0,50.0
56667.467103,-5.46875,0.78125,45.0
56668.147103,-3.90625,0.0,44.0
56668.855103,-3.125,0.0,47.0
56669.539103,-2.34375,0.0,48.0
56670.302103,0.0,0.0,48.0
56671.005103,-5.46875,-2.34375,63.0
56671.673103,-7.8125,-2.34375,50.0
56672.382103,-5.46875,-2.34375,65.0
56673.058103,-6.25,-2.34375,76.0
56673.770103,-9.375,-2.34375,63.0
56674.513103,-7.8125,-2.34375,54.0
56675.194103,-3.125,-2.34375,59.0
56675.918103,3.90625,-2.34375,51.0
56676.596103,-2.34375,0.0,41.0
56677.277103,7.8125,0.0,36.0
56677.975103,4.6875,0.0,36.0
56678.684103,1.5625,0.0,40.0
56679.381103,-5.46875,-2.34375,38.0
56680.086103,0.78125,-3.90625,44.0
56680.829103,0.78125,-5.46875,66.0
56681.506103,-2.34375,-5.46875,71.0
56682.234103,0.0,-2.34375,30.0
56682.908103,0.78125,-5.46875,49.0
56683.603103,0.0,-3.90625,64.0
56684.291103,0.78125,-3.125,50.0
56684.999103,-3.125,4.6875,37.0
56685.687103,0.0,99.21875,21.0
56686.350103,0.0,4.6875,21.0
56687.065103,0.0,-2.34375,27.0
56687.754103,0.0,-3.90625,49.0
56688.415103,0.0,-3.90625,63.0
56689.082103,3.90625,-3.90625,60.0
56689.746103,2.34375,-3.90625,55.0
56690.438103,0.78125,-3.90625,55.0
56691.196103,3.90625,-3.125,53.0
56691.869103,6.25,0.0,46.0
56692.537103,9.375,0.0,33.0
56693.233103,11.71875,0.0,33.0
56693.942103,0.78125,-2.34375,36.0
56694.637103,4.6875,-2.34375,37.0
56695.305103,2.34375,-2.34375,37.0
56695.987103,6.25,-2.34375,37.0
56696.700103,7.8125,-2.34375,37.0
56697.392103,8.59375,-3.125,45.0
56698.082103,8.59375,-3.125,47.0
56698.763103,12.5,-2.34375,44.0
56699.441103,12.5,-3.90625,46.0
56700.147103,12.5,-7.03125,90.0
56700.865103,2.34375,-7.03125,96.0
56701.593103,0.0,-7.03125,96.0
56702.281103,0.0,99.21875,26.0
56702.989103,0.0,99.21875,21.0
56703.676103,0.0,0.78125,22.0
56704.370103,0.0,0.78125,21.0
56705.046103,0.0,1.5625,24.0
56705.761103,0.0,2.34375,23.0
56706.454103,0.0,2.34375,23.0
56707.111103,0.0,1.5625,23.0
56707.799103,7.8125,-6.25,95.0
56708.479103,0.78125,-6.25,97.0
56709.173103,0.0,-6.25,96.0
56709.882103,2.34375,-6.25,96.0
56710.548103,3.90625,-7.03125,96.0
56711.223103,2.34375,5.46875,94.0
56711.923103,0.0,99.21875,19.0
56712.616103,0.0,99.21875,20.0
56713.304103,0.0,99.21875,19.0
56714.016103,0.0,99.21875,19.0
56714.698103,0.0,99.21875,19.0
56715.365103,0.0,99.21875,19.0
56716.047103,0.0,99.21875,19.0
56716.750103,0.0,99.21875,20.0
56717.472103,0.0,1.5625,20.0
56718.172103,0.0,2.34375,20.0
56718.873103,0.0,0.78125,26.0
56719.577103,4.6875,1.5625,27.0
56720.266103,12.5,1.5625,28.0
56720.960103,3.90625,0.0,28.0
56721.664103,13.28125,-3.90625,38.0
56722.333103,7.8125,-3.90625,61.0
56723.021103,12.5,-6.25,60.0
56723.750103,10.15625,99.21875,94.0
56724.428103,2.34375,-6.25,49.0
56725.112103,3.90625,-6.25,96.0
56725.793103,0.0,-6.25,97.0
56726.498103,0.0,-6.25,97.0
56727.246103,0.0,-6.25,97.0
56727.946103,0.0,-6.25,97.0
56728.660103,0.0,-6.25,97.0
56729.348103,3.90625,99.21875,77.0
56730.067103,0.0,99.21875,19.0
56730.791103,0.0,99.21875,20.0
56731.531103,0.0,99.21875,21.0
56732.213103,0.0,99.21875,20.0
56732.944103,0.0,99.21875,21.0
56733.634103,0.0,99.21875,22.0
56734.311103,0.0,99.21875,22.0
56735.005103,0.0,99.21875,22.0
56735.676103,0.0,0.0,22.0
56736.383103,0.78125,-3.90625,36.0
56737.099103,3.90625,-3.90625,64.0
56737.785103,8.59375,-3.90625,64.0
56738.501103,10.15625,-3.90625,61.0
56739.178103,11.71875,-5.46875,74.0
56739.855103,5.46875,-5.46875,76.0
56740.569103,5.46875,-3.90625,68.0
56741.258103,6.25,-3.90625,63.0
56741.943103,8.59375,-3.125,57.0
56742.638103,5.46875,-3.90625,58.0
56743.332103,2.34375,-2.34375,62.0
56744.074103,0.0,99.21875,27.0
56744.761103,0.0,99.21875,21.0
56745.466103,0.0,99.21875,22.0
56746.185103,0.0,-6.25,22.0
56746.890103,0.0,-6.25,96.0
56747.568103,0.0,-6.25,97.0
56748.247103,0.0,-6.25,97.0
56748.939103,2.34375,99.21875,68.0
56749.639103,0.0,99.21875,19.0
56750.313103,0.0,99.21875,20.0
56751.004103,0.0,-2.34375,22.0
56751.684103,0.0,-5.46875,56.0
56752.339103,0.0,-3.90625,68.0
56753.034103,0.0,-3.90625,61.0
56753.710103,-3.90625,-2.34375,57.0
56754.390103,0.0,5.46875,39.0
56755.061103,0.0,99.21875,20.0
56755.768103,0.0,99.21875,21.0
56756.438103,0.0,99.21875,22.0
56757.129103,0.0,99.21875,22.0
56757.822103,0.0,99.21875,22.0
56758.552103,0.0,99.21875,22.0
56759.235103,0.0,99.21875,21.0
56759.929103,0.0,99.21875,21.0
56760.628103,0.0,-2.34375,19.0
56761.330103,0.78125,-3.125,61.0
56762.046103,0.0,-3.125,86.0
56762.747103,1.5625,-5.46875,87.0
56763.450103,2.34375,-5.46875,89.0
56764.180103,5.46875,-5.46875,90.0
56764.888103,9.375,-5.46875,85.0
56765.607103,6.25,-5.46875,84.0
56766.315103,1.5625,0.78125,74.0
56767.037103,0.0,-3.125,22.0
56767.748103,0.0,-3.90625,51.0
56768.466103,0.0,-3.125,50.0
56769.177103,4.6875,0.0,44.0
56769.846103,0.0,99.21875,24.0
56770.544103,0.0,99.21875,19.0
56771.223103,0.0,99.21875,20.0
56771.928103,0.0,99.21875,20.0
56772.619103,1.5625,1.5625,20.0
56773.305103,0.0,-2.34375,31.0
56773.985103,0.0,0.0,37.0
56774.681103,0.78125,0.0,35.0
56775.385103,6.25,0.78125,32.0
56776.106103,0.0,99.21875,21.0
56776.799103,0.0,99.21875,19.0
56777.507103,0.0,99.21875,19.0
56778.215103,0.0,99.21875,20.0
56778.909103,0.0,99.21875,20.0
56779.616103,2.34375,-5.46875,23.0
56780.322103,0.0,-3.90625,59.0
56780.986103,0.0,-3.90625,59.0
56781.673103,4.6875,-2.34375,51.0
56782.346103,-3.125,99.21875,31.0
56783.027103,0.0,99.21875,19.0
56783.742103,0.0,99.21875,19.0
56784.429103,0.0,99.21875,20.0
56785.158103,0.0,99.21875,19.0
56785.839103,0.0,99.21875,20.0
56786.537103,0.0,0.78125,20.0
56787.240103,0.0,2.34375,35.0
56787.940103,0.0,99.21875,20.0
56788.647103,1.5625,-3.90625,21.0
56789.333103,0.0,2.34375,56.0
56790.029103,0.0,1.5625,20.0
56790.760103,1.5625,0.0,48.0
56791.440103,0.0,99.21875,22.0
56792.162103,0.0,99.21875,20.0
56792.845103,0.0,99.21875,21.0
56793.523103,0.0,99.21875,21.0
56794.246103,0.0,99.21875,22.0
56794.922103,0.0,99.21875,20.0
56795.604103,0.0,99.21875,20.0
56796.294103,0.0,99.21875,21.0
56796.978103,0.0,2.34375,24.0
56797.666103,0.0,2.34375,28.0
56798.336103,0.0,2.34375,34.0
56799.072103,0.0,2.34375,37.0
56799.777103,0.78125,2.34375,37.0
56800.477103,2.34375,2.34375,37.0
56801.202103,5.46875,2.34375,38.0
56801.894103,1.5625,-3.125,39.0
56802.661103,3.90625,-3.90625,47.0
56803.354103,0.78125,-5.46875,92.0
56804.078103,10.15625,-3.90625,89.0
56804.798103,3.90625,-2.34375,67.0
56805.527103,0.0,5.46875,30.0
56806.246103,0.0,0.78125,22.0
56806.948103,0.0,-2.34375,29.0
56807.634103,0.0,0.0,45.0
56808.390103,-3.125,0.0,40.0
56809.112103,-3.90625,0.0,36.0
56809.830103,0.78125,0.78125,33.0
56810.530103,0.0,0.0,30.0
56811.260103,0.0,-6.25,44.0
56811.949103,3.90625,-6.25,96.0
56812.641103,0.0,-6.25,96.0
56813.356103,3.90625,-7.03125,96.0
56814.029103,3.90625,3.90625,68.0
56814.730103,0.0,99.21875,20.0
56815.476103,0.0,0.0,20.0
56816.176103,0.0,-5.46875,86.0
56816.866103,0.0,2.34375,43.0
56817.562103,0.0,99.21875,19.0
56818.258103,0.0,99.21875,22.0
56818.957103,0.0,2.34375,28.0
56819.665103,0.0,3.90625,31.0
56820.425103,0.0,3.90625,33.0
56821.116103,0.78125,2.34375,35.0
56821.807103,1.5625,2.34375,37.0
56822.477103,0.0,2.34375,37.0
56823.144103,0.0,2.34375,38.0
56823.836103,0.0,-3.90625,38.0
56824.690103,-7.8125,-3.90625,91.0
56825.381103,1.5625,99.21875,55.0
56826.071103,0.78125,1.5625,37.0
56826.814103,1.5625,1.5625,37.0
56827.502103,0.0,0.78125,40.0
56828.192103,-3.125,0.0,42.0
56828.904103,-5.46875,0.78125,43.0
56829.617103,-5.46875,0.78125,43.0
56830.305103,-3.90625,-3.90625,43.0
56831.000103,-3.125,-3.125,82.0
56831.703103,0.0,99.21875,47.0
56832.480103,0.78125,3.90625,31.0
56833.206103,2.34375,2.34375,35.0
56833.882103,0.78125,1.5625,37.0
56834.568103,0.0,1.5625,40.0
56835.251103,-3.125,0.78125,41.0
56835.941103,0.0,0.78125,42.0
56836.618103,-3.125,0.78125,42.0
56837.295103,-3.125,0.78125,43.0
56838.010103,-3.90625,0.78125,44.0
56838.695103,-5.46875,0.78125,43.0
56839.384103,-6.25,1.5625,43.0
56840.094103,-7.03125,1.5625,41.0
56840.779103,-6.25,2.34375,38.0
56841.471103,-5.46875,3.90625,37.0
56842.156103,-3.90625,4.6875,34.0
56842.858103,-3.125,4.6875,34.0
56843.614103,-2.34375,4.6875,33.0
56844.300103,0.0,4.6875,34.0
56845.022103,0.0,4.6875,33.0
56845.718103,-3.125,4.6875,33.0
56846.401103,-3.90625,4.6875,34.0
56847.133103,0.0,4.6875,33.0
56847.835103,0.0,3.90625,33.0
56848.560103,0.78125,3.90625,38.0
56849.246103,0.0,3.90625,35.0
56849.947103,0.0,3.90625,34.0
56850.650103,-2.34375,3.90625,35.0
56851.364103,-3.125,3.90625,34.0
56852.047103,0.0,4.6875,34.0
56852.763103,0.0,4.6875,34.0
56853.422103,-2.34375,4.6875,34.0
56854.095103,0.0,3.90625,34.0
56854.778103,0.78125,4.6875,34.0
56855.482103,1.5625,4.6875,34.0
56856.254103,0.0,3.90625,34.0
56856.940103,-2.34375,3.90625,34.0
56857.630103,0.78125,4.6875,34.0
56858.314103,0.78125,4.6875,34.0
56859.006103,0.0,4.6875,34.0
56859.696103,-2.34375,3.90625,34.0
56860.414103,0.0,3.90625,34.0
56861.076103,0.78125,4.6875,34.0
56861.739103,1.5625,4.6875,34.0
56862.422103,0.0,4.6875,34.0
56863.123103,0.0,3.90625,34.0
56863.830103,0.0,3.90625,34.0
56864.493103,-2.34375,3.90625,34.0
56865.170103,0.0,3.90625,35.0
56865.864103,0.78125,3.90625,34.0
56866.539103,1.5625,3.90625,34.0
56867.218103,2.34375,3.90625,34.0
56867.910103,3.90625,3.90625,35.0
56868.640103,0.78125,3.90625,35.0
56869.335103,0.78125,3.90625,35.0
56869.998103,0.0,3.90625,35.0
56870.687103,1.5625,3.90625,35.0
56871.491103,2.34375,3.90625,34.0
56872.182103,0.78125,3.90625,34.0
56872.946103,0.0,3.90625,35.0
56873.678103,0.0,3.90625,35.0
56874.400103,0.0,3.90625,35.0
56875.116103,0.78125,3.90625,35.0
56875.785103,1.5625,3.90625,35.0
56876.451103,1.5625,4.6875,34.0
56877.127103,2.34375,4.6875,34.0
56877.824103,0.78125,4.6875,34.0
56878.641103,0.0,4.6875,34.0
56879.347103,0.0,3.90625,34.0
56880.036103,-2.34375,3.90625,34.0
56880.734103,0.0,3.90625,34.0
56881.435103,0.78125,3.90625,34.0
56882.123103,1.5625,4.6875,34.0
56882.944103,2.34375,3.90625,34.0
56883.625103,1.5625,3.90625,34.0
56884.354103,0.78125,3.90625,36.0
56885.066103,0.0,3.90625,36.0
56885.787103,0.78125,3.90625,35.0
56886.515103,1.5625,3.90625,35.0
56887.191103,0.78125,3.90625,35.0
56887.874103,0.0,3.90625,35.0
56888.683103,1.5625,3.90625,35.0
56889.371103,2.34375,3.90625,35.0
56890.188103,0.0,3.90625,35.0
56890.949103,0.0,3.90625,35.0
56891.629103,1.5625,3.90625,35.0
56892.330103,2.34375,3.90625,35.0
56893.077103,0.78125,3.90625,35.0
56893.758103,0.0,3.90625,35.0
56894.511103,0.0,3.90625,35.0
56895.254103,0.78125,3.90625,35.0
56895.997103,1.5625,3.90625,35.0
56896.793103,0.0,3.90625,35.0
56897.481103,0.0,3.90625,34.0
56898.352103,1.5625,3.90625,35.0
56899.073103,2.34375,3.90625,34.0
56899.862103,0.0,3.90625,35.0
56900.722103,0.0,3.90625,35.0
56901.559103,1.5625,3.90625,34.0
56902.278103,2.34375,3.90625,35.0
56903.025103,3.90625,3.90625,35.0
56903.867103,2.34375,3.90625,35.0
56904.657103,0.78125,3.90625,35.0
56905.415103,2.34375,3.90625,35.0
56906.151103,3.90625,3.90625,35.0
56906.872103,1.5625,3.90625,34.0
56907.604103,0.78125,3.90625,35.0
56908.315103,0.0,3.90625,36.0
56909.033103,0.0,3.90625,35.0
56909.813103,0.0,3.90625,35.0
56910.640103,1.5625,3.90625,35.0
56911.366103,2.34375,3.90625,35.0
56912.241103,1.5625,3.90625,34.0
56912.943103,0.78125,3.90625,35.0
56913.619103,1.5625,3.90625,35.0
